id,summary,languages,country,legal_server_id,client_initials,time_to_complete,is_remote,client_location,program,upcoming_hearing_date,needs_interpreter,interest_ids
ad397a84-0239-4ea2-9f50-0699210a65f9,"Snickle drizzle blibber schnizzle trizzle zibber frabble fizzbuzz mizzle spizzle quixle. Whip snipple noggle spronk squickle sprock spizzle squirk squaddle sprocket quazzle drizzle twizzle mizzle spooner quackle jibble fizzbuzz spizzle. Twizzle splurge woggle spronk blabble wump, flap spooner spronk crackle twizzle bizzle. Flap,.","[""Hololect"",""Datalex""]","Canada",627,"S. I.","2024-01-18 13:22:40 +2:00",false,"Vacuumville, Pancaketon",FGLOP,"2023-10-30 14:22:40 -10:00",true,"[""89d6cc67-3089-4c65-966b-5e36d081acb1"",""e136d6f4-99a5-493a-b3f3-9d77c48be1c8"",""90aada95-25f1-4ecf-916e-d87e04376e32""]"
423923f8-0e24-46ef-a38b-77c11775cc0c,"Frizzle snort dabble fizzbuzz squizzle snickle, wuddle zizzle flabble chizzle bizzle noodle plix. Frabble frizzle jib splotch squabble frizzle wibber frizzle mizzle wobble quazzle. Fluddle flabble wham gobble squizzle sprocket zizzle twibble wobble dabble fizz plix. Frozzle squirk mizzle crackle wham mizzle fuddle, jibble splurge wibble doodle. Frozzle schnizzle snop, dabble spizzle wuddle.","[""Siliconian"",""Technophrase""]","Canada",525,"P. F.","2024-01-31 13:22:40 +9:00",false,"Cupborough, Pancaketon",LOP,"2023-10-28 14:22:40 +11:00",false,"[]"
76215c88-ab58-449c-8c1b-8918dc9a8324,"Gobble blizzle jibber squabble splurge snickle dabble doodle snort spronk blibber. Quixle doodle snickle wuddle zix flibber bizzle drizzle skizzle schnizzle wizzle. Wibber mizzle quip splizzle crackle drizzle splizzle gobble wibber quackle mizzle mizzle squickle fuddle. Quazzle twibble doodle fizzbuzz flibber bizzle dribble woggle whip, drizzle snort doodle doodle wump flap.","[""Alscript""]","Canada",14,"G. X.","2024-01-23 13:22:40 -11:00",false,"Toothpastia, Papayapark",FGLOP,"2023-11-12 13:22:40 -7:00",true,"[]"
2a3a199a-0f3a-4abc-9cf2-a9a2e9965966,"Trizzle fuzzle wobble dribble glimmer wibble skizzle wobble, noodle blizzle drizzle jibble spooner schnizzle blibber splurge squizzle snip. Crackle plix blizzle whiz snip wham, noggle splotch frozzle squirk. Sproop mizzle flib squizzle blib fuzzle flib zorp sproop, splurge wobble snipple gobble zizzle.","[""Datalex""]","Lumaria",88,"Y. W.","2023-11-17 13:22:40 -11:00",true,"Keyboard City, Pizzalandia",CC,"2023-10-28 14:22:40 +4:00",true,"[""dc82a69e-2d1e-4827-b514-b15c2e026d35""]"
2e673182-e811-4a08-9cb8-e6f53bfc3707,"Dabble fuzzle drizzle sproop quixle splonker twibble schnizzle blip chizzle. Glimmer glimmer dabble wobble frizzle chizzle zibber sprocket, splurge snip whip twizzle snizzle wham bizzle wobble snipple. Noodle bizzle squizzle blib flib jib zobble wump flabble quazzle splurge splizzle. Spuddle plix blibber splurge blibber splurge frabble blizzle spronk fluddle.","[""Siliconian""]","Obsidian Isle",569,"L. T.","2023-11-03 14:22:40 +5:00",true,"Vacuumville, Crystalis",LOP,"2023-11-01 14:22:40 +0:00",false,"[""d4b435b2-e4ee-4024-9156-9f7b55f69289""]"
8c95b74d-ffc5-4ddd-a5c9-f04447532a73,"Quibble chizzle twibble mizzle wibble crackle quackle whiz fizzbuzz jibber snort splizzle flib dribble spronk twibble. Zibber quibble jibble mizzle plix zobble zorp plix zizzle splonker quip whiz, wizzle sprocket twibble zobble snop spronk dabble. Fuddle wizzle sprock schnizzle snickle dribble zobble spizzle zix spizzle whip noodle. Zobble wizzle drizzle squizzle, quip spronk sprockle.","[""Technophrase"",""Siliconian"",""Datalex""]","Canada",709,"G. B.","2023-12-14 13:22:40 +7:00",true,"Spoonville, Papayapark",CC,"2023-11-13 13:22:40 -9:00",true,"[]"
e316c0b4-b499-498a-8cef-fc4c6189f6b7,"Fizzbuzz schnizzle snickle wham whiz blib, squizzle squaddle drizzle wobble jib wibble. Wizzle snop skizzle snop woggle wump chizzle spizzle fuzzle wuddle drizzle fizzbuzz jibble. Snip twizzle quip fizz blip blabble dabble quip, flib doodle snickle drizzle sproogle blabble spooner flabble sprockle sprocket. Snip wibble squabble glimmer spronk blabble.","[""Cyphertongue"",""Hololect""]","Narnia",96,"C. C.","2023-11-05 13:22:40 -8:00",true,"Coffeeburg, Sorbetopia",LOP,"2023-10-31 14:22:40 -4:00",true,"[""d0038e4f-0f7d-4c5b-a060-66f17359a727"",""c3cf32d5-f4a7-4bc6-9f94-b678d2654c08"",""1f946a05-4020-4f0f-99b4-9a1eb56c77dc""]"
65d7656b-5bd3-4152-8d21-3674546303c4,"Wobble sprock zix wobble noodle flabble snipple wobble spizzle snip sproop, quazzle schnizzle jibber skizzle mizzle drizzle noggle gobble. Squizzle splotch woggle sprockle quixle frozzle fuzzle squizzle squizzle snipple, flabble sprock wump quibble quixle splotch quazzle. Nix twizzle zizzle crackle fuzzle quixle flibber.","[""Cyberspeak"",""Alscript"",""Siliconian""]","Narnia",302,"P. A.","2023-11-27 13:22:40 -5:00",false,"Batterytown, Pizzalandia",LDP,"2023-11-09 13:22:40 -7:00",false,"[""3cf83ff7-d839-4e09-aaee-4de029d733b9""]"
da8fbc47-2f31-4afe-9fb3-fe9736f08260,"Dabble splurge wobble spizzle snizzle flib frizzle snop chizzle jibble. Flibber zobble splizzle noodle zix glimmer wizzle snizzle glimmer jib quibble blibber squickle blip. Wump snort zizzle twizzle twizzle twizzle blibber gobble frabble twizzle blizzle mizzle bizzle squaddle. Crackle whiz twizzle, fuzzle spooner chizzle.","[""Cyphertongue"",""Technophrase""]","Narnia",942,"B. P.","2024-02-17 13:22:40 +3:00",true,"Keyboard City, Taterstan",CC,"2023-11-25 13:22:40 +7:00",false,"[""020162bd-e0af-423c-994f-8115cdea7f62"",""18395649-27c9-4341-b321-c8e78f9d7acb"",""1a096ef7-c196-4445-8039-cae63c8809ef""]"
bb4ead64-66c8-4d55-b27b-b64d731af7a2,"Drizzle mizzle schnizzle blabble zorp, dabble splonker drizzle zix wobble. Splurge wuddle splotch sprock snip blib sprockle flibber whip snort sprock zizzle spooner. Spronk blabble blizzle zobble noggle zix schnizzle splizzle quazzle fluddle drizzle twibble mizzle skizzle noggle zizzle. Blizzle splurge, spizzle.","[""Cyphertongue""]","Valeria",668,"F. P.","2024-03-05 13:22:40 -2:00",true,"Pillowtown, Chiliado",LOP,"2023-11-15 13:22:40 +12:00",false,"[]"
92ddd837-a464-4da5-a7e4-23d19f0c3645,"Jibble noggle sprockle wuddle sprocket gobble wibber zizzle wump jibble sprock fuzzle flabble sprocket sproogle wibble squickle. Splurge sprockle fuzzle quixle bizzle quazzle drizzle dabble blib schnizzle fluddle spizzle sproop bizzle wump. Mizzle splonker mizzle dribble snipple glimmer whiz squizzle sprocket wibble blizzle quixle squaddle schnizzle.","[""Cyphertongue"",""Quantumese""]","Canada",423,"V. B.","2024-02-27 13:22:40 +5:00",false,"Flossington, Sushifornia",NQRP,"2023-11-26 13:22:40 +11:00",true,"[]"
3d741b12-88eb-4c6d-b903-36a3ec7364f4,"Skizzle crackle flap blibber drizzle wump squizzle, whiz sproop squickle schnizzle schnizzle plix noggle wibber. Blib frozzle chizzle splurge wobble whiz, wizzle drizzle glimmer squizzle splurge snort. Frizzle mizzle flibber snort drizzle chizzle wobble chizzle glimmer spronk splizzle. Splonker zorp snizzle crackle wibble blib bizzle snipple flabble gobble schnizzle wibble zorp glimmer. Quixle chizzle sprockle.","[""Cyberspeak""]","Solsticea",987,"P. N.","2024-01-31 13:22:40 -10:00",false,"Paperburg, Chocolaterra",LDP,"2023-11-05 13:22:40 +10:00",false,"[""3de8ef51-3ddf-4145-ae23-f43f439abf71""]"
0546fc74-3fd8-46e9-a34d-49c7645ae15c,"Snop schnizzle snipple zix snizzle squabble frabble flabble zobble sprockle skizzle chizzle, blizzle sprocket whiz crackle quixle splonker splonker. Squickle bizzle crackle drizzle spizzle quip dribble wizzle jib, skizzle mizzle chizzle splizzle snort snizzle snipple flabble woggle blizzle. Sproogle trizzle fizz snip blizzle doodle drizzle squizzle blib, drizzle fuzzle sproop drizzle blizzle spizzle frozzle fuddle splurge splizzle. Splotch wobble.","[""Byteish""]","Dracoria",997,"B. A.","2024-03-07 13:22:40 -8:00",false,"Lightbulb Landing, Chiliado",CC,"2023-11-19 13:22:40 -1:00",false,"[]"
b55d6979-59eb-4b29-bccd-99ac63fdca30,"Blibber squizzle jib quibble schnizzle spronk zibber fuzzle snizzle flibber. Splonker spronk drizzle flibber whiz schnizzle blizzle squizzle splizzle zorp skizzle skizzle quackle snort fluddle fuzzle. Frozzle sproop fizz flib whip splurge zizzle splurge quibble blip sprock mizzle squizzle drizzle splurge noodle squizzle.","[""Quantumese"",""Byteish""]","Lumaria",791,"J. P.","2024-03-15 14:22:40 +6:00",true,"Paperburg, Pizzalandia",LOP,"2023-11-05 13:22:40 +8:00",false,"[""de20423e-2b5e-4b66-a1e1-0bac85b1fbc8""]"
3560d6fc-d78d-47f9-b883-19671563b62e,"Snop splizzle spronk trizzle quazzle wobble wibber bizzle sprock blizzle jibber zix wobble blibber flabble wibber. Zobble dabble squickle skizzle wizzle splurge zibber blib wibber schnizzle. Splurge zibber spizzle wham frozzle skizzle noggle splotch sproogle quazzle, wham doodle bizzle squizzle sproogle splonker spronk gobble spooner. Wobble blabble wobble splonker frizzle jibble squizzle.","[""Technophrase"",""Byteish"",""Robolingo""]","Obsidian Isle",285,"N. Y.","2023-12-08 13:22:40 -10:00",false,"Coffeeburg, Taterstan",LOP,"2023-11-05 13:22:40 +7:00",true,"[]"
6af6ea76-f254-44a0-97b9-550f382e861e,"Zorp splizzle blabble schnizzle doodle wobble, schnizzle fizz twibble chizzle. Schnizzle trizzle sprock doodle zibber spronk blib, wham dribble twizzle blibber drizzle woggle spronk blib. Dribble crackle sprocket squaddle splurge flabble zorp wibber squabble snipple plix noodle snip snipple skizzle quazzle wibble.","[""Robolingo"",""Cyberspeak""]","Astralonia",969,"B. G.","2024-02-04 13:22:40 +10:00",true,"Vacuumville, Pepperonia",NQRP,"2023-11-26 13:22:40 +2:00",true,"[]"
c650ddd5-f631-4e04-9e5e-221b255c543e,"Sprock fizzbuzz fizzbuzz spuddle trizzle quackle crackle, nix quibble chizzle frizzle schnizzle spooner gobble wobble. Snipple gobble sprockle plix quackle wobble fuddle, wibber schnizzle wuddle wuddle. Blibber drizzle jib quackle drizzle squizzle fizzbuzz wobble bizzle splizzle spronk splurge bizzle sproogle sproogle fizzbuzz whiz.","[""Byteish"",""Robolingo"",""Technophrase""]","Solsticea",846,"A. B.","2024-03-01 13:22:40 -1:00",false,"Flossington, Chocolaterra",LOP,"2023-11-16 13:22:40 +4:00",false,"[]"
4cff2cdc-7d54-496b-8a38-62c2f7f12053,"Schnizzle jibble sprocket zorp spronk jibber bizzle zobble squabble frabble blizzle drizzle splotch wibble. Chizzle squabble quibble spuddle quibble frizzle wizzle spizzle blip splizzle flabble splotch whiz fluddle wham. Drizzle quackle jib blizzle quazzle sprock schnizzle splonker snip, crackle fizz flibber drizzle twizzle plix mizzle. Sprock,.","[""Siliconian"",""Hololect"",""Cyphertongue""]","Astralonia",117,"K. G.","2024-02-08 13:22:40 -9:00",true,"Vacuumville, Pancaketon",LOP,"2023-11-09 13:22:40 +5:00",true,"[]"
f4bf3513-018b-449e-94bc-74b2f3b519e1,"Gobble spooner fuddle snop spronk sprock whiz doodle splonker quackle. Squizzle skizzle dribble frabble wham dabble quibble zorp gobble sprock wibble. Zix fizzbuzz zizzle jibber fluddle fizz jibber zobble sprock, woggle trizzle sprock whiz mizzle zobble zizzle wibble. Wobble fuzzle trizzle quip quazzle bizzle quibble schnizzle blibber zorp quixle skizzle.","[""Hololect"",""Robolingo""]","Canada",324,"X. F.","2023-12-09 13:22:40 +10:00",false,"Coffeeburg, Caramelonia",LDP,"2023-11-15 13:22:40 -7:00",true,"[]"
2ccd0cf5-e29d-424e-8c68-592a77d1b54f,"Noggle wump crackle blibber glimmer squickle zibber quackle splonker blib sproop twibble woggle wham whip. Fuddle zobble jib zizzle trizzle spuddle blabble wobble snickle blizzle. Wobble fizz snop sprockle spooner schnizzle sprock quazzle drizzle, splotch squabble doodle skizzle blib crackle snickle. Flib drizzle spronk snizzle skizzle wobble, splotch spizzle wump flabble blabble. Frozzle snop squizzle wobble nix sprocket gobble.","[""Cyberspeak"",""Quantumese""]","Obsidian Isle",572,"E. W.","2023-11-24 13:22:40 +0:00",false,"Spoonville, Taterstan",LOP,"2023-11-20 13:22:40 -10:00",false,"[""95ea4dac-46cf-42ea-a7f9-98bee42354df""]"
60049236-7b85-4e32-83cf-70fab811bca1,"Blabble sprockle splizzle dribble squickle bizzle fizzbuzz frizzle wham sprocket jib sprocket zorp wobble nix. Flap whip sproogle crackle noggle nix flib spronk doodle noodle wobble squabble squabble. Quibble wibble snipple sproop fluddle squizzle sprockle wizzle nix spronk twizzle, doodle jibble crackle wibble squirk glimmer mizzle. Woggle woggle fizz wump quibble wobble frizzle noodle squirk.","[""Cyberspeak"",""Alscript"",""Robolingo""]","Obsidian Isle",704,"J. M.","2023-11-22 13:22:40 -8:00",true,"Pillowtown, Taterstan",LOP,"2023-11-04 14:22:40 -7:00",true,"[]"
1b002f76-1686-4e98-8bb6-b6b98e5e916a,"Sprock squizzle blip fluddle zorp frizzle schnizzle schnizzle snipple noodle flib blip splurge sproogle snipple. Wobble wham spooner zix skizzle spooner, squaddle sprock schnizzle glimmer glimmer spuddle. Quazzle wobble fizz squirk splurge chizzle bizzle crackle schnizzle flibber bizzle fuddle fizzbuzz quip blib snipple wobble. Fizz quibble twibble glimmer frabble.","[""Technophrase"",""Cyphertongue""]","Obsidian Isle",739,"Y. I.","2023-11-10 13:22:40 -11:00",false,"Lightbulb Landing, Sorbetopia",LDP,"2023-11-15 13:22:40 -0:00",false,"[""0ef2cb99-d0da-4a7a-b634-522a32f17703""]"
4020494b-a013-4a74-913f-ab87c803c0a1,"Whiz dabble squabble blib wibble zorp drizzle snip flap snipple noggle, wham squaddle bizzle zibber blizzle quazzle. Frabble schnizzle splonker blabble splizzle flibber skizzle, doodle sprock spooner quip sproop sprock quazzle squirk. Snort whiz flibber flibber schnizzle splonker sprock squaddle bizzle fizz doodle bizzle mizzle. Quip jibber glimmer quackle sproogle jib, quixle fuddle squizzle frabble. Fuddle blizzle crackle.","[""Siliconian"",""Robolingo"",""Alscript""]","Obsidian Isle",489,"L. H.","2024-03-20 14:22:40 -0:00",true,"Keyboard City, Papayapark",FGLOP,"2023-11-23 13:22:40 +3:00",false,"[""dba57a07-e9ba-47e4-9f04-070e8e844a75""]"
1d91e577-aec0-4a5b-9f7d-b716c386ef60,"Schnizzle nix squirk splurge quip fluddle blibber noodle snort quip wibble splurge, quibble frabble noodle fizz sprocket squaddle spizzle. Mizzle splizzle twibble spronk blabble mizzle snizzle sprock chizzle bizzle quazzle quip jibber. Snort crackle wump spronk jib doodle zizzle blip, wobble gobble quazzle dabble noodle. Skizzle jibble quibble flabble schnizzle, dribble fizz snizzle quazzle squabble flabble.","[""Robolingo"",""Alscript"",""Hololect""]","Dracoria",398,"X. Y.","2023-11-01 14:22:40 -0:00",true,"Keyboard City, Pizzalandia",CC,"2023-11-19 13:22:40 +2:00",true,"[]"
5d765e97-691b-4dd0-8578-c31c407c99e7,"Splurge quibble gobble sprockle gobble spuddle trizzle snip crackle flibber nix schnizzle drizzle snop spooner sprockle. Glimmer splonker fizzbuzz squickle snip fizz sproogle schnizzle wham squizzle sprockle spooner splonker woggle dribble crackle frozzle. Blib wobble wobble twizzle schnizzle, schnizzle spizzle skizzle.","[""Robolingo"",""Technophrase""]","Obsidian Isle",106,"O. G.","2023-11-20 13:22:40 +12:00",true,"Coffeeburg, Chiliado",CC,"2023-11-03 14:22:40 +9:00",false,"[""49cefb21-5f02-4a97-9ee9-4c0495f593d9""]"
73c72071-d23a-4a73-9a98-17f2fd2b7c54,"Flap sprockle quibble jibber schnizzle blibber twibble doodle mizzle whip wobble zix bizzle sprock squizzle sprockle. Zibber mizzle wham jibble trizzle spuddle spuddle spuddle snizzle dabble, bizzle snop splurge dribble gobble wump plix snort squabble. Bizzle snizzle sprocket wobble noggle whip wump wobble.","[""Robolingo""]","Narnia",34,"N. U.","2024-01-14 13:22:40 +2:00",true,"Lightbulb Landing, Sorbetopia",NQRP,"2023-11-18 13:22:40 +0:00",true,"[""0e55b4d6-335f-4b21-8543-a40a2293f6f0""]"
08edae75-04d1-4f4d-abbb-9d50635df758,"Zorp wump snort blabble snip spuddle chizzle frizzle splurge, dabble quip frizzle snipple fluddle noggle. Frozzle spizzle sprocket gobble snizzle, schnizzle frabble flabble snipple wobble. Frozzle spooner quixle sprock splizzle chizzle gobble bizzle fluddle wibber. Fuzzle jibble trizzle zix chizzle wobble whiz frozzle twibble wibble jibble schnizzle frabble wobble. Spizzle wibber dribble.","[""Robolingo"",""Alscript""]","Narnia",336,"G. T.","2023-11-23 13:22:40 -6:00",false,"Toothpastia, Pepperonia",LOP,"2023-11-26 13:22:40 +4:00",false,"[]"
8bb09860-b7e1-4d14-abab-f10169dbefc9,"Doodle doodle gobble jibble blabble fizzbuzz drizzle snickle snizzle quibble jibble twizzle blip wizzle zobble noggle schnizzle spizzle woggle. Zix sprocket flibber fizzbuzz snickle spizzle, splotch spronk wham twizzle quackle blizzle. Trizzle fuddle sprock wibber schnizzle crackle fluddle, chizzle frabble splurge zobble wobble. Skizzle drizzle spronk twizzle.","[""Hololect"",""Technophrase"",""Cyphertongue""]","Canada",944,"E. Q.","2024-03-17 14:22:40 -12:00",false,"Cupborough, Sushifornia",NQRP,"2023-11-25 13:22:40 +12:00",false,"[]"
011edeaa-1ed3-4d61-b44a-68ddcb48be0a,"Zorp whip bizzle flabble fluddle spuddle crackle quibble plix blizzle flap jibber squizzle squirk twibble. Gobble squickle fluddle dabble zibber spizzle wibber quibble frabble quazzle sprocket spooner squirk noodle squabble spronk wuddle blizzle. Fluddle crackle crackle frozzle squickle flib squizzle whiz crackle splizzle.","[""Alscript"",""Cyberspeak""]","Narnia",382,"D. O.","2023-12-05 13:22:40 +3:00",false,"Batterytown, Caramelonia",LDP,"2023-11-12 13:22:40 -3:00",false,"[""141eb8be-ec34-4659-aabb-cd61955cf9c0"",""8fc51977-551d-4276-af5b-951b48358769""]"
f2f9a6d2-eeae-4117-a944-c9f48a7435aa,"Flap plix flib squaddle skizzle blizzle whiz splurge jib quazzle spizzle quazzle wibble woggle bizzle trizzle wibber squizzle splotch. Sprocket sprockle crackle frozzle crackle sprocket plix wibble frabble wump splotch whiz wibble quixle splizzle snort dabble zizzle. Zobble twizzle drizzle wump wibber sprock dabble noggle spronk wobble flibber snop blip squizzle.","[""Datalex""]","Astralonia",269,"Q. M.","2023-12-06 13:22:40 -2:00",true,"Batterytown, Chocolaterra",CC,"2023-10-29 14:22:40 -12:00",true,"[]"
857dfcf6-bf27-4118-9fd8-a10a9af4d89e,"Drizzle wuddle zobble sproop snort blabble wibble nix gobble squickle twizzle blizzle skizzle zobble. Splonker bizzle noggle splurge jib spooner jibble snizzle blibber mizzle zibber fizz gobble snop. Jib splonker twizzle fuddle dribble sprock spuddle snop whiz fuddle dribble squizzle nix wobble twizzle blip. Quibble sprocket schnizzle zorp sprock wobble, sprockle chizzle sproogle twizzle whiz snort.","[""Quantumese"",""Robolingo""]","Lumaria",534,"T. T.","2023-10-31 14:22:40 -3:00",true,"Lightbulb Landing, Papayapark",LOP,"2023-11-22 13:22:40 -6:00",true,"[""84be0176-1da2-4b8f-87ba-d6f6a0a8399d""]"
d823ac44-c148-4abe-9bd3-db563cc6bd22,"Jib splonker splotch sprockle quibble sprock blip quackle, schnizzle doodle frizzle quackle nix. Mizzle splurge fizzbuzz blib mizzle plix fluddle, whiz spizzle snickle zorp blib. Frozzle mizzle splonker quip sprocket jib frabble snipple spronk, wobble snip sprocket squizzle blizzle blizzle wibber drizzle. Mizzle bizzle squickle sproop wizzle gobble fluddle, sprock sproop zobble twizzle zobble wobble nix blabble. Fuzzle.","[""Cyberspeak""]","Elindor",363,"C. E.","2023-12-18 13:22:40 -11:00",false,"Paperburg, Sushifornia",LOP,"2023-11-09 13:22:40 +3:00",false,"[""3a9a5f63-d1bf-410f-9262-1fd9949f2f0c""]"
e5d566ff-f22c-4d7a-b156-f12a1a0f82bc,"Jibber squabble wham blizzle bizzle snort fuddle sprock quibble crackle. Bizzle wham glimmer flib spuddle dribble mizzle spooner snizzle zorp gobble wibble, spronk frizzle fizz squaddle squickle splurge sprock. Twizzle quazzle jib trizzle spizzle flap, whiz twibble splurge flap squaddle. Frizzle sproop wham gobble schnizzle snop squirk splotch.","[""Hololect"",""Cyphertongue"",""Technophrase""]","Canada",677,"H. C.","2024-01-30 13:22:40 -12:00",false,"Spoonville, Chocolaterra",FGLOP,"2023-11-18 13:22:40 +7:00",true,"[]"
529c4694-58ab-4e31-ab6c-24a7bd5d8a08,"Noodle splotch flib sprockle dribble chizzle squabble doodle, sproogle doodle flabble snop spooner squickle trizzle. Sprock sprocket splonker wibber bizzle nix frizzle, blip quazzle crackle wham zix. Sprocket sproop crackle quazzle quip flib noodle frabble fuzzle quixle wibble snickle bizzle chizzle. Mizzle snort quazzle snop.","[""Cyberspeak"",""Quantumese""]","Narnia",874,"U. G.","2023-12-22 13:22:40 -0:00",false,"Keyboard City, Caramelonia",NQRP,"2023-10-28 14:22:40 +4:00",false,"[""436f81bf-f9cc-42ef-b808-6ed295d484b8""]"
25a6f521-55c2-4034-9bf6-be3fc9629d7d,"Wobble snickle mizzle woggle zizzle flibber schnizzle bizzle glimmer sprock glimmer drizzle schnizzle wobble whiz twibble. Sprock snort drizzle wuddle schnizzle nix quibble fuzzle quip snickle crackle snop. Bizzle frabble doodle splotch skizzle flabble splotch wizzle, splizzle fizz noodle splotch noggle wobble sproop wobble wump. Noggle wobble quibble flap, bizzle jibble fuzzle.","[""Technophrase"",""Alscript""]","Canada",988,"A. O.","2024-01-18 13:22:40 -2:00",true,"Flossington, Papayapark",LDP,"2023-11-24 13:22:40 +3:00",true,"[]"
ad785776-8926-47b3-af4e-8f1debb0b62d,"Flibber fizzbuzz mizzle fuddle drizzle mizzle chizzle splonker, schnizzle mizzle quibble spuddle spooner snipple splonker snop. Flib wuddle noggle blip bizzle zizzle, glimmer quibble frozzle skizzle crackle zorp snip. Drizzle sprock sprock spuddle splotch fluddle zobble, squaddle snickle sprock trizzle jib. Frizzle bizzle fizzbuzz wobble frozzle gobble snip, spooner squickle frozzle jib woggle. Crackle whiz, fuddle squizzle.","[""Siliconian"",""Cyphertongue"",""Technophrase""]","Obsidian Isle",985,"G. X.","2023-12-22 13:22:40 -0:00",false,"Batterytown, Taterstan",FGLOP,"2023-11-10 13:22:40 -2:00",false,"[""614303a0-48b0-44ba-a262-8b78a8d0e5c6"",""1b9a93a2-5896-49ac-b74c-7c4c18d40de9"",""ed0cbcc3-c5fa-402d-817e-b34eda66522d""]"
800b3690-fbcc-4701-8dd1-a5f8477ab906,"Mizzle squaddle splotch splizzle crackle fluddle blibber blabble frozzle fuddle, bizzle jibble fluddle plix crackle squaddle quixle schnizzle woggle. Squirk quibble jibber bizzle jib fuddle jib, frizzle squirk schnizzle zobble wobble zizzle crackle. Twibble blib splurge quibble dribble quip fuzzle snort, wobble blip spronk frabble skizzle sproop spronk.","[""Quantumese"",""Siliconian""]","Elindor",562,"F. Q.","2024-03-07 13:22:40 +9:00",false,"Spoonville, Pepperonia",CC,"2023-11-03 14:22:40 -6:00",true,"[]"
0845dd14-6212-4e57-876b-b172f3dc4ae7,"Quibble fizz bizzle squickle zizzle sprocket squickle plix sprock zizzle spronk squabble schnizzle. Skizzle plix quibble blib squizzle blip splonker schnizzle blip splizzle wibber splurge snop splurge flib wobble wump frizzle. Skizzle flib bizzle wuddle sprocket jibble noggle sprock splurge, snort doodle dabble twizzle drizzle sprockle.","[""Byteish"",""Datalex"",""Alscript""]","Dracoria",254,"H. B.","2023-12-12 13:22:40 +8:00",true,"Keyboard City, Chiliado",LOP,"2023-11-19 13:22:40 +0:00",true,"[]"
fec60794-6f35-4ed3-a4f8-77a13a957f3b,"Blip blip schnizzle splonker zibber quip sproop crackle jibble fluddle. Blib gobble blizzle squaddle jib quackle sprocket sprock spizzle fluddle squaddle wobble frozzle splizzle. Nix snipple wobble wham fizz dribble bizzle noggle blabble dribble drizzle. Quibble skizzle noodle sprocket drizzle snop flib nix crackle schnizzle. Squirk frizzle frizzle quazzle quip schnizzle spizzle woggle quackle zobble sprock sprocket dribble.","[""Hololect"",""Cyberspeak""]","Solsticea",819,"R. D.","2023-11-25 13:22:40 +10:00",true,"Spoonville, Pancaketon",LDP,"2023-11-03 14:22:40 -8:00",true,"[]"
7f18c876-c6d2-483e-b1ef-d66302d5dd3a,"Sprock blizzle squaddle frabble wobble wizzle flib, glimmer plix skizzle sprocket wuddle whip splizzle wobble. Squizzle skizzle snort drizzle whiz drizzle gobble wobble drizzle zix zobble flib sproogle fizz splurge quackle splurge. Dribble quazzle skizzle sproop wham fuddle, spronk splotch frizzle plix.","[""Hololect"",""Technophrase"",""Robolingo""]","Valeria",3,"B. I.","2023-11-21 13:22:40 -9:00",true,"Vacuumville, Sushifornia",FGLOP,"2023-11-01 14:22:40 +12:00",true,"[""bf022e94-ad57-4dd3-9223-ea0120c0b845""]"
66eeb493-b7b3-4a24-ab9d-baa10e1bbd00,"Trizzle doodle squaddle frizzle quazzle flap snipple flap squabble wizzle chizzle schnizzle quazzle fizzbuzz sprocket gobble sprocket spronk schnizzle. Schnizzle twizzle flap chizzle whiz spronk plix glimmer wobble, glimmer fizz sproop sprock sprock quibble gobble blizzle. Fizzbuzz mizzle quazzle schnizzle bizzle bizzle.","[""Siliconian"",""Cyphertongue""]","Dracoria",436,"H. U.","2024-02-15 13:22:40 -7:00",false,"Keyboard City, Sorbetopia",LOP,"2023-11-24 13:22:40 +3:00",false,"[""f887f88f-f95d-4750-9049-7040c7346870"",""5e85bda2-803c-480c-91b6-570eb844f900""]"
34a41a4c-28c6-4c5e-b758-d53f90bd47d3,"Trizzle sproogle noodle quazzle zorp crackle skizzle, skizzle spooner frabble fizz twibble mizzle splurge nix. Spronk sproop schnizzle blibber snipple, chizzle squabble mizzle squizzle squizzle. Blibber glimmer whip wobble quackle sproop sproogle, squizzle flib noodle sprocket wibber mizzle woggle snizzle sprock. Noodle splurge fizz splizzle zizzle sprocket splotch, flabble sprocket sprock sprocket splonker crackle.","[""Hololect"",""Robolingo"",""Siliconian""]","Valeria",213,"G. G.","2023-11-10 13:22:40 +1:00",true,"Paperburg, Pancaketon",FGLOP,"2023-11-02 14:22:40 +5:00",false,"[]"
c314995e-9619-4223-9768-00f74e17b70e,"Twibble zix spooner zizzle wibber squabble wobble squizzle snizzle, sprocket snipple jibble fizz splizzle crackle. Splotch quazzle schnizzle blibber flibber splotch, snizzle splotch zobble jib wobble wobble dribble. Chizzle quazzle sproogle splizzle nix, quibble flibber blabble jibble twizzle. Wham quackle spooner, quip snip dribble.","[""Siliconian""]","Novarctica",458,"O. E.","2023-12-26 13:22:40 +6:00",false,"Coffeeburg, Sorbetopia",CC,"2023-11-22 13:22:40 -12:00",false,"[""1e09dd9f-d16f-4103-914d-5ce65b842a22""]"
6bb4ffd1-5443-4096-b7f4-74e7a815fa91,"Fizz drizzle zix frabble crackle wobble splurge, glimmer zobble wibble quackle quixle wuddle skizzle quazzle squaddle spuddle. Jibber blibber zix glimmer jibble chizzle frizzle twibble, fuzzle twizzle quixle jibber crackle snop wham. Nix squabble bizzle snizzle fuddle flap, splotch frabble quip jibble whip snip. Mizzle squizzle fuddle nix wuddle twizzle quazzle spuddle.","[""Technophrase"",""Alscript""]","Obsidian Isle",45,"G. I.","2024-01-26 13:22:40 -4:00",true,"Cupborough, Pancaketon",CC,"2023-10-31 14:22:40 +6:00",false,"[]"
789b5cfa-fddb-4f9c-9421-5643a95241f7,"Jib plix fuddle quip zizzle squickle sprock, dabble gobble flibber noggle blip frizzle zobble jibber blip. Twizzle zizzle snip wizzle spizzle twizzle quazzle skizzle sprocket spizzle spizzle splizzle quazzle blib. Snip glimmer trizzle wump fizzbuzz crackle, drizzle sprocket drizzle drizzle spizzle mizzle. Spronk zibber quazzle bizzle dribble zizzle wham splizzle schnizzle woggle skizzle.","[""Quantumese"",""Cyphertongue"",""Robolingo""]","Elindor",975,"J. T.","2024-01-24 13:22:40 +4:00",true,"Toothpastia, Pepperonia",FGLOP,"2023-11-26 13:22:40 -4:00",false,"[]"
028ce5fc-8a23-4ae9-8db3-7da425ec0bca,"Wump quibble crackle jibble splurge mizzle splizzle squizzle zibber wibber quip flabble spronk blibber blabble snizzle noggle quip squizzle. Snip snipple sprocket snop wizzle quixle zizzle wham squizzle snip glimmer zobble spronk gobble blip splonker. Blib spronk snop quip blibber mizzle schnizzle sproogle mizzle sprocket fluddle squabble plix sproogle.","[""Robolingo"",""Technophrase"",""Hololect""]","Astralonia",727,"L. K.","2024-02-25 13:22:40 -11:00",false,"Vacuumville, Papayapark",LOP,"2023-11-02 14:22:40 +4:00",false,"[]"
f94ba45a-6a60-4063-8b21-629ee7459dc6,"Wibber dribble nix snort quazzle jibber drizzle spronk sproop skizzle. Schnizzle squirk quackle splotch splurge snop jib crackle, jibble chizzle frabble jibber sprockle glimmer wobble frozzle. Quibble squizzle jib sprock noodle skizzle zorp sprock glimmer twibble quazzle chizzle blib crackle.","[""Technophrase"",""Datalex"",""Cyphertongue""]","Obsidian Isle",304,"A. U.","2023-12-01 13:22:40 -8:00",true,"Flossington, Caramelonia",FGLOP,"2023-11-21 13:22:40 -5:00",false,"[]"
757fd420-5896-431a-8de9-5ca079fc4c4b,"Splizzle sproogle skizzle blip doodle fuzzle frabble, sproop flap mizzle splizzle. Frabble snipple noggle snickle schnizzle, dribble zobble quibble gobble noodle. Squizzle sproogle sprocket wizzle jibble flabble splizzle twizzle quip squirk, mizzle snip mizzle spronk whiz zix frizzle. Twizzle splurge, frozzle snip.","[""Robolingo"",""Cyphertongue""]","Obsidian Isle",883,"V. N.","2024-01-21 13:22:40 +5:00",true,"Coffeeburg, Chocolaterra",LDP,"2023-11-06 13:22:40 -6:00",false,"[""1a66782c-f8b3-446c-9a06-d407dc687cfe""]"
d3056414-469a-4b69-93db-d206f3ec8207,"Fuzzle flap squizzle twizzle snizzle whiz quibble drizzle flibber quip sproop noggle schnizzle whip snip wibble sproogle squabble flap. Squizzle doodle nix splurge whip quazzle whip wobble whip wuddle splurge nix flibber blabble gobble snort skizzle. Sprocket fuddle bizzle twibble crackle squickle.","[""Cyphertongue"",""Byteish""]","Lumaria",922,"P. G.","2023-10-31 14:22:40 +12:00",false,"Cupborough, Caramelonia",LDP,"2023-11-12 13:22:40 +7:00",false,"[""c495380b-8129-42e9-8cd6-6b9fe72cf888""]"
90169070-e7cf-4686-beeb-fa55bbfd69e7,"Snipple zibber flibber snizzle spronk woggle squickle spooner, splurge gobble spizzle zorp fluddle blip spronk. Fluddle wibber sprocket twizzle frozzle drizzle zizzle snipple drizzle dribble, schnizzle flap blip squaddle squickle jibber. Splurge blizzle bizzle sproogle wobble splotch whip splonker wobble mizzle sprockle noodle squickle. Spizzle frozzle wump quip gobble wobble blip quazzle splizzle.","[""Technophrase"",""Siliconian"",""Robolingo""]","Astralonia",882,"R. R.","2024-01-22 13:22:40 -9:00",true,"Vacuumville, Chiliado",CC,"2023-11-08 13:22:40 -6:00",true,"[]"
d36ef444-5ce0-486c-adc7-81bad66da3e6,"Gobble zorp fuzzle gobble squizzle fizz quip skizzle squizzle flap. Quazzle splizzle blip dribble wobble quixle spizzle snizzle dabble, squirk whip twibble jib wobble bizzle wizzle wibber snipple. Flap gobble sprockle noodle snickle wobble splonker spuddle sproop crackle blibber quibble fluddle schnizzle dabble mizzle.","[""Datalex""]","Solsticea",25,"T. D.","2024-03-21 14:22:40 -9:00",false,"Pillowtown, Crystalis",LOP,"2023-10-30 14:22:40 -11:00",true,"[""498da191-d2ed-4338-b07b-9944ca1e507b""]"
a3a16cdc-fde0-431c-b403-1d866dfcc685,"Splurge nix woggle sproop drizzle plix noggle, wuddle zobble wibble wibble quazzle blip splurge. Blibber snop spronk fluddle splizzle, zizzle quazzle snizzle bizzle fluddle snipple. Plix wibble quazzle schnizzle sproogle skizzle crackle schnizzle skizzle frabble. Splotch fuzzle quibble blib flibber squizzle spronk quip frozzle splotch crackle snop.","[""Technophrase"",""Hololect"",""Byteish""]","Dracoria",526,"M. D.","2024-02-09 13:22:40 -2:00",false,"Flossington, Chocolaterra",CC,"2023-11-04 14:22:40 +2:00",false,"[]"
6f633ea8-8aae-44b8-a798-d837d291dfd6,"Mizzle flap quixle blizzle schnizzle skizzle squickle skizzle quazzle snip twibble. Crackle skizzle zobble whip squabble drizzle sprock wibble quazzle blib, blizzle sproogle jibber snip drizzle wobble. Quip snizzle schnizzle trizzle squickle zizzle fluddle noggle wizzle drizzle plix. Sprocket splotch squizzle frizzle skizzle sprock zix squaddle wibble noggle sprockle crackle trizzle snop bizzle. Squickle frozzle.","[""Quantumese"",""Cyphertongue""]","Narnia",852,"J. K.","2024-03-07 13:22:40 -11:00",true,"Keyboard City, Pizzalandia",NQRP,"2023-11-19 13:22:40 +11:00",false,"[]"
eaf68e54-3d74-4e61-979e-77f9e4b02b5c,"Splurge twizzle wobble quackle spronk sproogle jibble sproop squabble snickle blibber sprockle sprockle sprock. Splurge skizzle snizzle dribble spronk crackle squizzle spronk snickle quixle gobble spooner doodle sprocket zibber wobble nix. Squaddle quazzle wibber spooner skizzle plix blibber flib frozzle, whip zizzle snort snickle flib sprock. Sprock wham dribble quibble drizzle bizzle wobble flibber blib spronk doodle frozzle.","[""Cyphertongue"",""Byteish"",""Alscript""]","Terravale",523,"F. F.","2024-02-16 13:22:40 +3:00",true,"Spoonville, Caramelonia",NQRP,"2023-11-18 13:22:40 +6:00",false,"[]"
57cb4eb9-8db2-4747-898f-1f2330e94c50,"Wump spronk wump zobble snip doodle wibble, crackle noodle zix quackle sprockle gobble whip flabble frizzle. Sproop snort schnizzle dribble drizzle splurge sprock splizzle wham spuddle glimmer spooner whiz wuddle snip squizzle spooner. Blabble sprockle splurge squizzle squirk twibble jibble quazzle fizz quazzle schnizzle. Zobble skizzle sproop quibble.","[""Technophrase"",""Byteish""]","Lumaria",7,"D. V.","2024-01-25 13:22:40 +7:00",false,"Lightbulb Landing, Caramelonia",NQRP,"2023-11-22 13:22:40 -10:00",true,"[""052a1cd0-dbee-4c35-a63b-b9c45c1816a5"",""b51ec403-9e99-41bc-8d90-d0ec1cbb8422"",""0254ab79-df7a-493b-a56a-aa61b2a017e9""]"
3230eff2-c695-4508-a164-fd973132e2e5,"Zizzle flap schnizzle skizzle drizzle mizzle flabble splurge wuddle fizz crackle drizzle bizzle wham quip fizz splurge wizzle twibble. Snickle zobble flabble quip splurge, squirk jib fizzbuzz blip quazzle drizzle. Sprock spronk skizzle spronk wizzle snort twibble, glimmer blibber drizzle quazzle spooner quibble spuddle squizzle. Splizzle wobble fizz fuzzle quibble, sprocket fizz splotch twibble.","[""Cyphertongue"",""Robolingo"",""Hololect""]","Valeria",654,"D. U.","2024-02-28 13:22:40 -3:00",false,"Vacuumville, Pepperonia",NQRP,"2023-11-19 13:22:40 +2:00",true,"[""196309ec-621e-4d96-8734-41287ed3b2c4"",""f15fc71c-6803-4ad8-ad13-c1478641ce45""]"
4d8f7484-2fec-4a75-835f-0a344e9c0e1c,"Spronk frabble twibble flib twibble flibber wobble quazzle fuzzle blibber, schnizzle zix noodle blizzle spronk chizzle bizzle spronk. Fizz wham mizzle sprocket snort wham splonker wizzle, gobble jibber squirk snipple splurge quip quazzle. Chizzle dabble blibber squizzle blabble squaddle wizzle.","[""Byteish"",""Quantumese""]","Dracoria",364,"B. L.","2024-02-07 13:22:40 +12:00",true,"Vacuumville, Pizzalandia",CC,"2023-11-26 13:22:40 +10:00",false,"[]"
c420c564-1d63-4b3a-a72d-b58c5f277272,"Woggle drizzle splizzle spooner zobble squickle fluddle frizzle frabble blip spizzle gobble squaddle. Sprockle nix wump fizzbuzz squaddle frozzle squabble wobble sprocket spuddle, spronk splotch splizzle zix spronk drizzle gobble squirk. Wibble quazzle schnizzle skizzle splurge, fizz gobble zizzle wump drizzle wham. Flibber skizzle splonker snizzle jib squizzle snickle gobble.","[""Alscript"",""Datalex"",""Cyphertongue""]","Canada",561,"K. I.","2024-01-28 13:22:40 -1:00",true,"Lightbulb Landing, Caramelonia",FGLOP,"2023-11-14 13:22:40 -6:00",true,"[""42697ad5-608d-412d-87c8-705ad068e847""]"
ab32a96f-e454-4488-81eb-ad15fc814e31,"Squizzle skizzle zix quazzle bizzle spuddle glimmer snickle blibber squaddle zorp. Zibber sprock flabble sprock splizzle flabble wobble wuddle wizzle chizzle, jibber splotch splotch zobble blizzle zizzle spronk. Frizzle blib whiz frozzle wibble trizzle blabble squirk quip blib zibber glimmer jibber fuzzle.","[""Cyberspeak"",""Byteish"",""Robolingo""]","Valeria",273,"K. W.","2024-02-19 13:22:40 -2:00",false,"Coffeeburg, Sushifornia",NQRP,"2023-11-02 14:22:40 +9:00",true,"[""d6896a83-bd59-4abb-9667-67a98fb6df62""]"
d38beb2f-a7a9-46ae-a5f0-f9d3ede569ec,"Gobble zix wibber quazzle fuzzle zizzle woggle, squizzle dribble glimmer splotch mizzle sproop drizzle. Noodle quibble snizzle crackle frabble squizzle frozzle splotch fizzbuzz spuddle blip zizzle whiz splonker blabble. Squaddle snipple zix wobble zorp flap, quibble wobble sproogle mizzle squizzle twibble jib. Snop squabble wobble spronk jibber splurge splurge quibble.","[""Hololect"",""Technophrase"",""Cyphertongue""]","Obsidian Isle",384,"H. U.","2023-11-13 13:22:40 -11:00",true,"Cupborough, Crystalis",LDP,"2023-11-12 13:22:40 -7:00",false,"[""61b6f029-5699-46ab-832e-f66d4b215578""]"
5fdfa586-389f-4ea5-83c9-76efdd8d6f9a,"Crackle flib chizzle flibber blabble sprock bizzle spooner sprocket flib sprockle squabble wobble zorp fuzzle zizzle flabble fuddle. Quixle squaddle spronk blabble flap frozzle wibber zibber flibber quibble skizzle, snort wobble squickle quixle quazzle sprock zizzle. Gobble spronk mizzle dabble wibble snop.","[""Hololect"",""Byteish"",""Technophrase""]","Solsticea",750,"G. G.","2024-02-25 13:22:40 +7:00",false,"Pillowtown, Pizzalandia",CC,"2023-11-16 13:22:40 -12:00",false,"[]"
c24f10c0-2a24-47ce-94ef-b2e3f54a0b3b,"Fluddle mizzle drizzle spizzle sprocket sproogle, skizzle bizzle drizzle spizzle sprocket. Snort snort mizzle blabble flabble snip quibble sprock frizzle wizzle spizzle sproogle. Snizzle sprockle zizzle fluddle snort quackle glimmer mizzle, zobble splotch frozzle fluddle sprocket snizzle sprock quackle. Noggle skizzle twizzle splizzle squirk drizzle snipple sproogle doodle wizzle spuddle frabble quip. Spooner splotch snort.","[""Byteish""]","Canada",980,"D. A.","2024-01-02 13:22:40 +4:00",false,"Vacuumville, Chocolaterra",NQRP,"2023-11-26 13:22:40 +9:00",true,"[""0c05d8c2-81c6-4fc5-8072-1b309d71f375""]"
512d64c0-215d-40ca-8e66-6e760abce800,"Bizzle squizzle snop spronk blizzle splurge glimmer quixle zobble chizzle fuddle. Quibble wizzle plix noggle dabble quibble fizz gobble bizzle spizzle noggle wobble jibble sprockle woggle crackle dabble. Splizzle quixle jibble mizzle frizzle quibble flabble, quazzle wibber jib sproogle. Doodle schnizzle, quazzle.","[""Byteish"",""Cyphertongue"",""Robolingo""]","Narnia",689,"Q. U.","2024-03-15 14:22:40 -4:00",true,"Paperburg, Papayapark",LOP,"2023-11-14 13:22:40 -9:00",false,"[""175c3184-64ed-4bd5-972c-7374176d1d97"",""129512e8-21eb-4b29-a6af-50e7013f0ed5""]"
a7735bd9-83a4-497d-971a-e6b06f53be87,"Blib wibber sproop wibber crackle wobble quip jibble trizzle sprocket bizzle blib sproop blib spizzle fuzzle wibble. Doodle gobble wibble trizzle chizzle woggle squizzle mizzle nix sprocket sprock flabble blib fuzzle wobble plix squickle doodle whiz. Wizzle wobble zix, mizzle flib.","[""Datalex"",""Cyphertongue""]","Elindor",799,"L. O.","2023-11-24 13:22:40 -9:00",true,"Coffeeburg, Chocolaterra",LOP,"2023-11-07 13:22:40 -9:00",true,"[]"
0148e828-9795-4840-8e94-8eb960fb02c2,"Woggle snort zix blizzle quackle fuddle, chizzle frabble splotch doodle snort. Sproop splotch quip noodle wobble glimmer snizzle noodle chizzle quip quazzle snip drizzle splizzle whiz schnizzle. Sprocket zobble crackle twibble mizzle zibber blib zobble splurge blibber frizzle schnizzle twibble whiz mizzle splotch. Sprocket whip snip noodle wump, drizzle quazzle wibble wobble flap. Squabble flap,.","[""Quantumese"",""Cyphertongue"",""Alscript""]","Valeria",68,"N. J.","2024-02-12 13:22:40 -4:00",true,"Flossington, Crystalis",FGLOP,"2023-11-02 14:22:40 +5:00",false,"[""1ebebeff-f17b-4206-a715-a873bdd0c069"",""6243df3b-f3ff-4bbf-9e4a-634d66972cb9""]"
2dd1d5b8-ebf4-4d68-a10d-208517bcdebd,"Zizzle fuddle sprock splotch sproop noggle, mizzle flibber twibble splonker zorp squickle splizzle zix. Splurge quazzle blib drizzle wobble, sprocket fizz blib blabble sprock. Zibber mizzle snipple fuzzle zorp sproogle, snickle trizzle quackle wobble woggle. Sprocket flib zobble sprock dribble drizzle.","[""Alscript"",""Cyphertongue"",""Technophrase""]","Astralonia",580,"T. Y.","2024-03-24 14:22:40 +12:00",true,"Pillowtown, Taterstan",NQRP,"2023-11-01 14:22:40 +10:00",true,"[]"
dea4c882-dfc7-43bc-b2ce-f88d80c473a1,"Sprocket snort mizzle schnizzle mizzle splonker, wump spronk bizzle wuddle. Mizzle fizz jibber frabble bizzle, zix squirk jibber quackle blabble wobble. Gobble squizzle jibble frizzle zizzle drizzle crackle squizzle splotch noodle whiz jib. Noodle blip fizzbuzz blizzle blibber frozzle frizzle quazzle wham wuddle quazzle jibble sprockle gobble. Quibble wham fluddle noodle noodle drizzle zobble snop.","[""Cyphertongue"",""Datalex""]","Solsticea",816,"Q. X.","2024-03-13 14:22:40 +11:00",true,"Spoonville, Pepperonia",LOP,"2023-11-09 13:22:40 +5:00",true,"[]"
dfedb99b-d50f-4638-9ebb-a185a7653e6e,"Sprock plix flib flabble quibble snop dribble, gobble spronk squabble snizzle wizzle dabble noodle dabble. Sprock spronk quibble twibble flabble crackle mizzle fizzbuzz bizzle wobble twibble. Fuddle blip dabble skizzle splotch flap wuddle frabble jib sproop whip wobble. Splizzle snip blabble, bizzle zobble zizzle.","[""Hololect"",""Robolingo"",""Technophrase""]","Astralonia",35,"E. O.","2024-02-20 13:22:40 -12:00",false,"Lightbulb Landing, Caramelonia",LOP,"2023-11-26 13:22:40 +2:00",false,"[""a3bdfe3e-6ea6-42d0-b891-d4889b8f5c1c"",""968143b3-a3af-45de-a0c5-2fcc834ad4c7""]"
2a273e93-6ac5-4f44-ae30-87222f918f45,"Squizzle squickle blip jibble gobble, splizzle snizzle snizzle spronk squabble. Quibble sprocket whip wuddle squirk chizzle, wobble zibber splurge jibber zibber spooner snop. Splurge woggle wuddle wham blizzle twizzle wobble dabble frozzle trizzle skizzle jibble splurge splotch sprock zorp sprocket. Quibble splurge spronk, flabble.","[""Hololect"",""Cyphertongue"",""Siliconian""]","Dracoria",259,"P. O.","2024-01-20 13:22:40 +0:00",true,"Cupborough, Papayapark",FGLOP,"2023-11-20 13:22:40 +6:00",true,"[""12d53d23-3254-4846-8eb9-d57c74399533""]"
6c7b46be-6151-4b1d-bcd9-61b5f93f120a,"Dabble wobble wizzle sprock dabble doodle blabble sprockle trizzle squirk dabble blabble snizzle. Whip twibble skizzle quazzle snickle quazzle trizzle spronk sprocket snickle. Twibble sproop sproogle blizzle wobble wham wobble squabble splurge, dabble snort twizzle wump quazzle bizzle flap. Schnizzle snizzle gobble snort drizzle fuddle.","[""Quantumese"",""Robolingo""]","Dracoria",557,"F. T.","2023-11-05 13:22:40 +0:00",true,"Batterytown, Caramelonia",LOP,"2023-11-10 13:22:40 +0:00",true,"[""577f1dea-ff95-44a6-9ca9-57b663034ee4""]"
73a05836-1abf-409e-ac2a-1de9a3462f49,"Flap schnizzle fluddle snizzle squabble spooner, sprockle quibble zix whip flap squaddle crackle. Sproop spuddle wobble blip quixle splizzle zizzle spuddle quazzle whip crackle fuddle zizzle crackle flap. Crackle fluddle snort blizzle snop snickle frabble wibble schnizzle zizzle quazzle quip twizzle frabble snip gobble snort. Bizzle flib crackle sprockle snipple snip woggle wobble dabble glimmer blizzle fizz jibble.","[""Siliconian""]","Solsticea",249,"F. W.","2023-12-07 13:22:40 +10:00",true,"Lightbulb Landing, Caramelonia",FGLOP,"2023-11-05 13:22:40 -1:00",false,"[""c8463894-7da7-4795-8022-b504f20bb088""]"
552a7aa5-00a0-4ec7-a4e8-455e535e88c2,"Snizzle spizzle splonker wham sprockle squaddle quip sproogle splurge, splotch squabble drizzle quackle zibber skizzle. Woggle wizzle glimmer bizzle quixle splonker flib fizz wobble dribble zix gobble, mizzle noodle spuddle squabble splizzle snop woggle. Frabble bizzle blibber splurge chizzle frabble, spronk spuddle twizzle spooner blabble. Bizzle spooner drizzle, squizzle.","[""Cyberspeak""]","Canada",651,"U. B.","2023-12-13 13:22:40 -11:00",false,"Flossington, Caramelonia",NQRP,"2023-11-21 13:22:40 -0:00",false,"[]"
7157860c-83ea-40af-9d0d-6228612d8d97,"Splotch schnizzle snort skizzle woggle quackle bizzle doodle sprocket squirk mizzle sprock. Splonker wham gobble chizzle sprocket quibble snort mizzle, wump splurge wibber splurge chizzle nix. Splonker fuddle zibber wump zorp dabble schnizzle drizzle spooner schnizzle spooner flabble jibble. Quibble noodle wibble zix fizz squizzle sprockle.","[""Datalex""]","Obsidian Isle",782,"Y. M.","2024-02-19 13:22:40 +3:00",true,"Vacuumville, Sorbetopia",CC,"2023-11-19 13:22:40 -11:00",false,"[""92dd72b1-7980-4c9b-90bf-5ad432139c50""]"
15a2f84b-55c6-44ba-9068-e951987c23a9,"Jibber snizzle quazzle splurge wham, splonker trizzle splurge schnizzle wobble noodle. Snizzle twibble splonker quazzle schnizzle flabble twibble, schnizzle splizzle wobble sproogle wobble splurge zorp quibble quixle. Snipple wobble schnizzle spuddle sprockle flabble twizzle sprock gobble blibber fizzbuzz quazzle chizzle sproop squaddle. Mizzle blip crackle zizzle schnizzle splurge sprock frizzle trizzle snipple.","[""Byteish"",""Alscript"",""Quantumese""]","Solsticea",934,"T. R.","2023-12-25 13:22:40 -10:00",false,"Pillowtown, Taterstan",LDP,"2023-11-06 13:22:40 -2:00",false,"[""e964079b-6334-478b-b733-689e9763becb""]"
d719314d-3087-443f-8356-61e963e96eb9,"Sprock squizzle spooner snip flibber crackle sprocket zibber sprockle sproogle splotch wobble nix bizzle wizzle sproogle doodle. Glimmer wobble snizzle spronk noodle fluddle noggle fizzbuzz splurge dribble noodle quackle flap wump. Spooner crackle nix splizzle jibble snickle dabble spizzle skizzle quibble drizzle gobble splonker mizzle whiz crackle. Sprock glimmer, woggle.","[""Cyberspeak""]","Canada",955,"B. Y.","2023-12-13 13:22:40 +7:00",true,"Paperburg, Pancaketon",LDP,"2023-10-31 14:22:40 +5:00",false,"[""028c9cf9-3cb5-495f-83fc-6aec9453c07a""]"
77796b08-6cf9-4751-9ecd-e96ef65c15c6,"Wibber sprock zibber dribble sprock quibble fuddle woggle flap plix crackle zix bizzle mizzle spronk quazzle noggle. Spizzle sprocket snort skizzle sproogle crackle dribble wham jib flap. Snizzle wibble wobble jib blibber, wibble zorp flap spronk splotch. Splurge mizzle blib squizzle wibble schnizzle whip frizzle skizzle plix squizzle.","[""Cyphertongue""]","Dracoria",44,"D. G.","2023-12-28 13:22:40 -12:00",true,"Spoonville, Caramelonia",CC,"2023-11-07 13:22:40 -8:00",true,"[""0efed808-57b0-4bf2-aa07-81eb5a6350aa""]"
3c85a589-7ff6-4f33-8308-f5c3b0b8f93b,"Splurge fizz fizzbuzz sprock quixle whiz skizzle zorp bizzle fizz snipple snickle fuzzle skizzle fizz noggle mizzle bizzle. Mizzle frizzle zobble frabble gobble noodle snort sprock splizzle snop gobble flabble wizzle flap zizzle jib. Flap sprock zorp woggle quip squickle drizzle drizzle bizzle bizzle mizzle frozzle dribble squirk blizzle quixle spooner twibble skizzle.","[""Technophrase"",""Datalex""]","Astralonia",268,"G. U.","2024-02-19 13:22:40 -4:00",true,"Spoonville, Papayapark",CC,"2023-11-02 14:22:40 -11:00",true,"[]"
53a6aafc-7bde-4094-aaa4-87f5e60f1196,"Splonker zix quackle crackle sprock zix squabble mizzle splotch fluddle, chizzle drizzle squirk zorp fuddle snip wibber sprocket. Wump blibber splurge frizzle gobble blib flib jibble, frozzle bizzle drizzle squizzle wobble blip gobble dabble flabble sprocket zix. Whip crackle squizzle jib fuddle blabble quazzle splonker sprock dribble.","[""Quantumese""]","Novarctica",749,"T. Q.","2024-02-16 13:22:40 -11:00",false,"Keyboard City, Taterstan",NQRP,"2023-11-17 13:22:40 -5:00",true,"[]"
6197b728-166a-45f9-a67d-f29bf9c7555b,"Sproogle crackle nix jibber splotch skizzle splotch snip dribble, twizzle bizzle wibber chizzle jibble snop crackle snip. Quibble blibber blip jibble squaddle quixle sprock splurge splurge mizzle fizz trizzle fuzzle snop skizzle whip drizzle twibble squizzle. Blip sprocket skizzle jibble wump spronk, whip wibber squickle quackle glimmer quip splizzle noodle. Bizzle chizzle blip dribble, wump flabble splizzle skizzle noggle.","[""Quantumese"",""Siliconian"",""Cyberspeak""]","Astralonia",692,"V. D.","2024-02-29 13:22:40 +6:00",true,"Toothpastia, Pizzalandia",FGLOP,"2023-11-06 13:22:40 +11:00",false,"[""06ef36c8-1afd-47ba-a148-ebc759d9d3dc"",""f4e988e9-6c7b-45b3-8cfd-fb547dd2af09"",""a27d1d47-4e6a-47d7-b31c-4d748aa7c621""]"
b4e840c5-4938-41d5-83ba-66142f83cfd0,"Splizzle mizzle squirk wham crackle snort zobble whiz blizzle wibble glimmer sprock drizzle trizzle zix splizzle. Sprockle blabble quazzle snop jibble mizzle wibble blib snort wizzle sprocket, squizzle quazzle frabble fuzzle splurge quibble wizzle. Dabble flabble glimmer spooner wibber wobble, fizzbuzz sproogle skizzle.","[""Cyberspeak""]","Canada",663,"A. P.","2023-11-27 13:22:40 -3:00",true,"Pillowtown, Chocolaterra",FGLOP,"2023-11-12 13:22:40 +9:00",false,"[]"
f8c6bca4-adad-4683-9013-726bc27e3e4f,"Skizzle sprockle snop flap zobble twibble drizzle zorp wobble, zibber blib splurge spizzle sproogle. Zibber squickle fizz snort sprocket sproogle, zobble snop zix wizzle bizzle. Quip sprockle zobble blip zobble mizzle quip blibber whiz, snizzle schnizzle glimmer flap gobble blizzle blibber. Spizzle quibble chizzle splurge glimmer spizzle snop trizzle whip spooner mizzle spooner.","[""Cyberspeak"",""Siliconian"",""Cyphertongue""]","Lumaria",824,"W. F.","2024-03-09 13:22:40 +3:00",false,"Pillowtown, Taterstan",LOP,"2023-10-30 14:22:40 +12:00",false,"[]"
7ece2a4f-53df-45e9-a055-6879971c96d1,"Schnizzle splonker wobble schnizzle twibble wuddle flabble fuzzle blibber wizzle wizzle wuddle snip wibble. Flabble gobble splurge woggle bizzle wizzle gobble bizzle quip bizzle sprocket blabble sproop zorp squickle drizzle mizzle. Sproogle flap dribble wump bizzle sprock sproop frozzle snop zobble, doodle wibber squabble crackle snop wibble snop mizzle. Woggle wuddle, fluddle.","[""Quantumese"",""Hololect"",""Cyberspeak""]","Solsticea",845,"C. J.","2024-03-04 13:22:40 +9:00",false,"Paperburg, Crystalis",CC,"2023-10-29 14:22:40 -5:00",true,"[""daada509-dea9-4d46-bd1e-c66aedd4ec5d""]"
82372b2d-9e40-4984-b9e2-3a66d5743e90,"Wobble snizzle noggle sproogle frabble sprock, drizzle doodle wump blip. Splurge chizzle splizzle schnizzle woggle plix skizzle squirk squickle splurge snickle twibble whip squirk snipple wibble whiz spuddle glimmer. Flibber whiz sprock squizzle woggle gobble jib wibber bizzle splotch bizzle schnizzle.","[""Robolingo""]","Valeria",72,"K. L.","2023-12-09 13:22:40 -2:00",false,"Coffeeburg, Pancaketon",LDP,"2023-11-22 13:22:40 +6:00",false,"[""d55cbda9-e7ac-4603-bd41-92d6eb08383a"",""78c9158d-8758-4cfb-9be7-0a99dae31346""]"
4dd91fa5-3789-4eb4-b914-054a2a46ebc1,"Whip spizzle spronk twizzle fizz splurge gobble splizzle wizzle crackle sprock schnizzle flibber drizzle blib splurge snickle. Zorp skizzle schnizzle zobble wobble frabble blizzle zorp squizzle twizzle schnizzle doodle fizz quip wizzle sprocket gobble sprocket. Spooner crackle splurge fluddle squabble gobble sproogle blib plix sprock quibble. Skizzle jib crackle crackle, splonker noodle wobble.","[""Robolingo"",""Byteish""]","Astralonia",566,"G. O.","2023-11-23 13:22:40 -11:00",false,"Spoonville, Crystalis",LOP,"2023-11-19 13:22:40 -10:00",false,"[""a4979f02-8870-417e-a62e-1397c105da3c"",""ec2895aa-8d5f-46f6-8ded-4893a1fd9e62""]"
1a6af340-e939-48d1-bf25-8501f1864780,"Spuddle dribble flap jibber splonker squizzle glimmer, squizzle crackle skizzle spooner jibble spizzle fuzzle splurge trizzle. Sproogle flap squizzle noodle spronk spronk splurge crackle spronk mizzle sprock quixle fluddle. Dabble noggle fuzzle quibble drizzle skizzle wibber snop flibber squirk drizzle blibber quixle splurge jibber twibble trizzle dabble squickle.","[""Cyphertongue""]","Obsidian Isle",313,"W. I.","2024-01-29 13:22:40 -1:00",false,"Spoonville, Papayapark",CC,"2023-11-07 13:22:40 -11:00",true,"[""eea28a30-c580-481d-92e3-fbf8dde1def1"",""72461052-bf86-426b-9079-12cd341cf96f"",""fa3e47f8-c9b7-4cda-b0e8-fe6cf4830e2a""]"
958cb5ce-5b65-437d-8f4a-7d55eae68fc9,"Sprocket spuddle quip squizzle spooner frabble, blabble spizzle quackle spizzle. Zibber snipple flibber gobble quibble squickle quixle gobble splurge schnizzle quibble blabble spronk blizzle schnizzle woggle. Quazzle squirk blibber wibble zibber fluddle doodle jibble plix snip crackle squirk splonker wizzle splotch doodle frabble quibble. Sprockle squizzle twizzle zorp squizzle crackle snizzle quibble fizz crackle.","[""Technophrase""]","Novarctica",69,"L. I.","2024-02-25 13:22:40 -2:00",false,"Flossington, Pepperonia",LOP,"2023-11-23 13:22:40 -9:00",false,"[]"
f7b7847f-eda0-41ef-af93-3d271a030fc6,"Sprocket bizzle jib squabble dabble wibber blip blibber blib whip spizzle dabble wibble skizzle spronk squizzle schnizzle. Snizzle snip spooner wizzle zobble wizzle zix quazzle quazzle snizzle spizzle quixle plix wobble. Doodle flabble zorp squabble frabble spuddle woggle mizzle sprock splurge sprock gobble zobble snickle wham.","[""Hololect"",""Datalex""]","Canada",929,"R. Y.","2024-02-02 13:22:40 +6:00",true,"Paperburg, Pepperonia",FGLOP,"2023-10-29 14:22:40 -8:00",true,"[""87613625-572a-4652-886f-c2016f331607""]"
01843d21-7596-4357-89d4-566feea09572,"Doodle wump splurge wobble doodle glimmer crackle fluddle drizzle nix blabble, quazzle noodle quixle whiz skizzle chizzle plix flabble. Squirk flabble quixle spronk spronk quackle quazzle, blizzle quibble bizzle spuddle sprocket. Blabble flabble zix splurge flib fizzbuzz wump, squickle wuddle gobble fuzzle sproogle.","[""Siliconian"",""Alscript"",""Byteish""]","Astralonia",514,"P. T.","2023-11-02 14:22:40 -5:00",true,"Flossington, Pancaketon",LOP,"2023-11-18 13:22:40 +8:00",false,"[]"
f807dbc1-e096-43f0-a9f7-64475a596794,"Fizzbuzz sprock zibber frizzle zizzle bizzle wizzle glimmer crackle zix zorp jibble. Noggle drizzle quibble squabble quibble blib fuzzle fizzbuzz gobble sproop jibble jibber splurge blibber sproop squabble splizzle quip. Squirk flibber flabble spronk splurge fizzbuzz wibble nix squabble crackle flib. Zorp crackle noggle spronk mizzle wizzle wobble snickle frizzle jibber spuddle. Twibble skizzle,.","[""Siliconian"",""Cyberspeak"",""Datalex""]","Novarctica",937,"N. D.","2024-02-11 13:22:40 +7:00",false,"Paperburg, Chocolaterra",LOP,"2023-11-02 14:22:40 -12:00",false,"[""142043ea-9376-4716-832e-dace23b5a3f4""]"
540e9447-a8df-43d0-a912-1d59a5f0e733,"Twizzle wuddle fuddle squaddle squizzle fluddle splurge, trizzle fuddle drizzle squabble twibble. Spronk spronk jibble blibber frizzle snickle squirk flap, mizzle jibble wuddle blib crackle zobble. Noodle fuddle splonker blizzle fizzbuzz plix schnizzle fuzzle sproogle skizzle squirk bizzle blibber wizzle. Quazzle squizzle gobble crackle squizzle drizzle spizzle trizzle, fuzzle blabble schnizzle sprock drizzle skizzle gobble bizzle. Quazzle,.","[""Cyberspeak"",""Alscript"",""Datalex""]","Solsticea",442,"O. P.","2023-11-25 13:22:40 -4:00",true,"Coffeeburg, Crystalis",NQRP,"2023-10-31 14:22:40 -5:00",false,"[]"
60dc3492-5c2d-4b04-98b2-8debbac1ac5a,"Flibber quazzle wobble squizzle skizzle blip plix wobble squickle schnizzle flabble. Flib spooner sprock fuzzle spronk, gobble spooner sprocket whip crackle. Squickle schnizzle gobble sprocket wump zizzle zibber snipple zobble zobble doodle. Glimmer squirk splonker noggle twibble squirk zizzle quibble gobble doodle squickle splurge fuzzle spooner sprock splurge noggle plix. Dabble jibber, fizz squizzle.","[""Siliconian""]","Dracoria",532,"P. L.","2024-01-05 13:22:40 +12:00",true,"Lightbulb Landing, Sushifornia",LDP,"2023-11-21 13:22:40 +9:00",true,"[]"
436f6664-aff3-42ed-ad88-1bca6f7a9e67,"Wuddle quibble dribble squizzle frabble woggle noodle frizzle quazzle woggle wham nix plix sprocket whip spooner sprock wizzle sproop. Splizzle quibble spizzle fizzbuzz wobble drizzle, sprock wobble sproop splonker jibble. Sprocket snort jibble trizzle zibber sproogle, squabble schnizzle gobble quibble. Spooner woggle wobble dribble snip bizzle dabble crackle, splurge wuddle blibber squaddle wibble.","[""Cyphertongue"",""Robolingo"",""Quantumese""]","Dracoria",619,"V. X.","2023-11-16 13:22:40 -3:00",true,"Flossington, Chiliado",CC,"2023-11-20 13:22:40 +6:00",false,"[]"
8d76633f-db7c-4dbe-9ba3-3476717e2b0b,"Squizzle splizzle fuzzle zibber skizzle schnizzle snip snop snipple wibber splizzle zorp flap quibble. Wizzle wibber crackle jibble fizz spooner twizzle sproogle schnizzle mizzle squickle splizzle chizzle spooner twibble squickle spizzle doodle. Fluddle quip sproogle sprockle schnizzle noggle squabble, drizzle skizzle zizzle squizzle noodle. Fuzzle snort splizzle quazzle twibble wibble gobble trizzle mizzle squickle flabble dabble. Woggle,.","[""Cyphertongue"",""Cyberspeak""]","Terravale",841,"B. F.","2023-11-24 13:22:40 +8:00",true,"Pillowtown, Papayapark",FGLOP,"2023-11-22 13:22:40 +3:00",false,"[""10b5736e-9ec3-45b0-aa15-937f91c24717""]"
f26c9104-1922-4427-93f4-ce3d39568aec,"Fizzbuzz spronk frozzle snort snop sprock noodle schnizzle skizzle splurge whiz wobble. Twibble dabble quip wizzle sprock blabble spronk splotch skizzle, frizzle splurge gobble sprock splotch flib squaddle. Chizzle jib squaddle blibber quibble wibble schnizzle zobble splurge quixle sproogle jib schnizzle squabble whiz woggle wizzle fuzzle. Quazzle woggle flib jibble quip spuddle, squizzle quibble dribble fuddle spronk. Fluddle whip.","[""Alscript""]","Lumaria",48,"R. S.","2023-11-03 14:22:40 +5:00",false,"Paperburg, Crystalis",CC,"2023-11-07 13:22:40 -7:00",true,"[]"
8c9de154-5ac1-4909-8da7-7c5c2c1de33f,"Blib fluddle twibble fizzbuzz quackle zix gobble quackle wobble quazzle gobble sprocket splotch gobble chizzle zizzle splotch blibber squirk. Crackle sproogle mizzle frizzle squirk snop snipple zizzle dribble noggle sprockle crackle snipple wibble jibble jib zorp squirk crackle. Blabble chizzle spizzle fuddle, fizzbuzz wibber schnizzle skizzle whiz.","[""Cyberspeak"",""Hololect""]","Solsticea",760,"T. B.","2023-11-25 13:22:40 +7:00",true,"Coffeeburg, Chocolaterra",LOP,"2023-11-20 13:22:40 -3:00",true,"[""6fca55be-7c8e-4f1b-83cb-68d9ca3ddc5d""]"
04ea0f66-e2bd-41e6-a82f-5176acfee7da,"Doodle plix sprock snipple chizzle spuddle, sprocket gobble crackle sprockle. Sprock glimmer fuddle fluddle zizzle fizz fuddle, crackle zix frozzle blabble doodle jibber snop. Twizzle blibber wizzle spronk quibble noggle, schnizzle trizzle sproogle squizzle. Jibber splizzle wibber flap sproop twizzle woggle woggle zorp glimmer gobble blip jib woggle.","[""Siliconian"",""Hololect""]","Narnia",120,"N. X.","2023-12-01 13:22:40 -6:00",false,"Lightbulb Landing, Pancaketon",LDP,"2023-11-01 14:22:40 -2:00",false,"[]"
e82fa742-1ad7-422c-938a-45c3b32c4592,"Gobble trizzle splurge sprock dabble frizzle quibble twizzle wobble crackle dribble flibber twizzle blib. Fluddle fizz sprock doodle squaddle dabble quazzle wobble sprockle flabble. Splonker jibble whiz jibber snickle dribble zizzle jibber wobble sprocket sprockle frozzle. Sprock fuzzle quibble snizzle fizzbuzz sprock wobble quackle flabble squickle frozzle quazzle frizzle jibble sproogle fizz. Sprocket squirk wizzle, schnizzle jibber.","[""Hololect""]","Terravale",396,"G. I.","2024-02-25 13:22:40 -2:00",true,"Vacuumville, Caramelonia",LDP,"2023-11-24 13:22:40 +5:00",true,"[]"
cbed3c73-1da6-4c4f-b369-bcaa23bd20b8,"Blip twibble wham blizzle frabble sproop snip drizzle fuddle wuddle, schnizzle nix wizzle quip sprock snickle fuzzle spronk. Nix zorp wham trizzle quibble skizzle sprock fluddle gobble splizzle, zizzle frozzle whiz spizzle splonker skizzle fluddle crackle. Drizzle quibble splotch sprocket woggle, jibble frozzle snipple.","[""Siliconian"",""Hololect""]","Canada",339,"M. I.","2024-03-14 14:22:40 -8:00",false,"Lightbulb Landing, Pizzalandia",FGLOP,"2023-11-23 13:22:40 +10:00",true,"[]"
7ecd1e08-6208-41c0-a34f-224e0063bc5b,"Sproop quackle zizzle frozzle sprock wizzle dribble flabble, blabble squizzle schnizzle blizzle sproogle jibber. Snickle nix wump squirk fuddle snort schnizzle fuddle zix, crackle snop splonker jib noodle wibble zorp wham. Snipple splurge blabble jibber fluddle squizzle, sprocket wizzle gobble trizzle.","[""Byteish"",""Alscript""]","Terravale",859,"M. W.","2023-12-07 13:22:40 -5:00",true,"Lightbulb Landing, Crystalis",NQRP,"2023-11-09 13:22:40 +8:00",false,"[]"
6300a5b7-e2d5-44ae-81c1-05ec6ee82670,"Squirk skizzle nix sprocket zizzle, wuddle flabble fizz blizzle schnizzle. Splotch whiz flabble blibber sproogle blib crackle dabble doodle zizzle splizzle, whiz gobble fizz whiz dabble spronk splurge. Sproogle jibble squaddle blibber skizzle fizz flap spooner trizzle splonker zizzle spronk squizzle.","[""Siliconian""]","Narnia",873,"Q. Y.","2023-12-04 13:22:40 -3:00",true,"Lightbulb Landing, Pancaketon",FGLOP,"2023-11-20 13:22:40 +5:00",true,"[]"