user_id,roles,languages,accreditations,hours_per_week,immigration_law_experience,bar_number,start_date,interest_ids
e1dbbd36-3101-4291-975c-4a2a3ed7d3a7,"[""researcher"",""translator""]","[""Technophrase"",""Datalex""]","[""Noodle Jurisprudence Academy""]",10,expert,468368,"2023-10-11 14:22:40 -9:00","[""285f86f6-9c22-45a7-a1a0-8b93e306913b""]"
4ca1b441-8e67-42c9-87be-343f47aef0c6,"[""researcher"",""attorney""]","[""Quantumese""]","[""Pasta Legal Institute""]",12,expert,91306,"2023-10-10 14:22:40 +2:00","[""72461052-bf86-426b-9079-12cd341cf96f"",""436f81bf-f9cc-42ef-b808-6ed295d484b8"",""6243df3b-f3ff-4bbf-9e4a-634d66972cb9"",""a4979f02-8870-417e-a62e-1397c105da3c""]"
d2808798-7b73-4a1b-beee-8ecd8907c881,"[""attorney"",""researcher""]","[""Technophrase""]","[""Tortellini Legal College"",""Ziti Legal College""]",11,intermediate,911705,"2023-10-11 14:22:40 -6:00","[""29a7619a-33b2-4215-9150-333d8fadae4c""]"
9b1d3bc9-966b-4c0d-b584-7fa81e322b05,"[""translator"",""interpreter""]","[""Datalex"",""Hololect"",""Cyphertongue""]","[""Macaroni Legal Center""]",15,intermediate,203437,"2023-10-06 14:22:40 +2:00","[]"
d6be9287-4644-4b9d-a901-2b4b93b692dc,"[""interpreter"",""attorney""]","[""Byteish"",""Cyphertongue""]","[""Ziti Legal College""]",13,intermediate,244155,"2023-10-09 14:22:40 +3:00","[""3de8ef51-3ddf-4145-ae23-f43f439abf71""]"
27900052-bed1-443e-a2e8-cd65604ac084,"[""translator""]","[""Technophrase"",""Datalex""]","[""Capellini Legal Academy"",""Tortellini Legal College""]",15,beginner,117355,"2023-10-11 14:22:40 -9:00","[]"
24096d95-9d21-4212-9349-40953a37d560,"[""researcher""]","[""Cyphertongue"",""Siliconian""]","[""Tortellini Legal College"",""Ziti Legal College""]",8,advanced,614987,"2023-10-07 14:22:40 +3:00","[""1f946a05-4020-4f0f-99b4-9a1eb56c77dc""]"
1c64722f-8848-4180-aec7-d738efaf4982,"[""researcher""]","[""Datalex"",""Quantumese"",""Technophrase""]","[""Ziti Legal College"",""Macaroni Legal Center""]",15,intermediate,890654,"2023-10-11 14:22:40 +2:00","[""d7aa077b-1ec6-41d1-8a48-ab0e8ab170a8"",""f04cd9e5-7f7f-447c-b2db-2f14ba5fc135"",""21e94815-508d-4dbf-828d-84395cddcab8""]"
46cee28b-99e1-4b37-b267-3ad98f516f38,"[""interpreter""]","[""Technophrase"",""Siliconian""]","[""Noodle Jurisprudence Academy"",""Tortellini Legal College""]",10,beginner,366133,"2023-10-08 14:22:40 +0:00","[""1e09dd9f-d16f-4103-914d-5ce65b842a22"",""0efed808-57b0-4bf2-aa07-81eb5a6350aa""]"
43ef95cf-3799-45ed-8189-62e35d855355,"[""translator""]","[""Siliconian"",""Technophrase""]","[""Fusilli Institute of Law"",""Noodle Jurisprudence Academy""]",13,expert,717340,"2023-10-11 14:22:40 -4:00","[]"
d9456ba0-ef66-40ea-80e0-f6342478390a,"[""translator""]","[""Robolingo"",""Hololect""]","[""Capellini Legal Academy""]",14,beginner,126233,"2023-10-06 14:22:40 -11:00","[""fa3e47f8-c9b7-4cda-b0e8-fe6cf4830e2a"",""180a1e18-0dd3-48d2-90ff-6c6e848a6521""]"
2078ac74-2a06-4e7e-b406-6173a191bc7f,"[""researcher""]","[""Cyberspeak"",""Datalex"",""Hololect""]","[""Macaroni Legal Center"",""Penne Law Center""]",13,advanced,984789,"2023-10-09 14:22:40 +6:00","[""73da8c47-a301-454b-80b4-49532666486e"",""0e00c663-31d6-44e8-bb27-d7b1e3091b0a""]"
c8244852-bd06-4190-82ea-7922e80985d0,"[""translator"",""interpreter""]","[""Siliconian"",""Byteish""]","[""Lasgna Law School""]",11,beginner,641382,"2023-10-05 14:22:40 +3:00","[]"
28035bd2-f685-47bb-8d61-754d5208e0e0,"[""translator""]","[""Alscript"",""Hololect"",""Siliconian""]","[""Capellini Legal Academy"",""Tortellini Legal College""]",13,expert,638415,"2023-10-04 14:22:40 +0:00","[""8581ca3b-19ea-4bf3-aeca-f31f6fdff0a7"",""7e81bdb0-4a59-41e5-8100-baf745624264"",""498da191-d2ed-4338-b07b-9944ca1e507b""]"
3e32fffb-5408-41f0-98e3-5b03dcf3349a,"[""attorney"",""researcher""]","[""Technophrase""]","[""Fusilli Institute of Law"",""Ravioli School of Jurisprudence""]",9,beginner,475164,"2023-10-09 14:22:40 -5:00","[]"
076b6657-1be6-4127-a861-2bfd42af134c,"[""attorney""]","[""Byteish""]","[""Ziti Legal College"",""Spaghetti Strands Law School""]",7,beginner,75844,"2023-10-10 14:22:40 -2:00","[""eea28a30-c580-481d-92e3-fbf8dde1def1"",""4d438090-153d-4ca1-967d-0ed670a72934""]"
9f838c69-8c88-4757-b82b-c0489676a84e,"[""attorney""]","[""Technophrase""]","[""Penne Law Center"",""Lasgna Law School""]",14,beginner,780407,"2023-10-08 14:22:40 -8:00","[""ad4ae52c-2681-4dd3-9023-d29882c151cb""]"
f4fa9734-22f5-44e4-9a8a-5570e677f552,"[""researcher"",""translator""]","[""Hololect"",""Cyphertongue"",""Technophrase""]","[""Capellini Legal Academy""]",11,beginner,702058,"2023-10-06 14:22:40 -5:00","[""75be5498-fa1c-490c-9731-8e7bc725f01a"",""bbf65449-29d0-44f7-981e-5eb4dfeed0cc""]"
2d4049e8-e81f-4bc5-a8f5-ad79f0a22c55,"[""translator"",""researcher""]","[""Quantumese"",""Cyberspeak""]","[""Penne Law Center"",""Pasta Legal Institute""]",9,expert,173387,"2023-10-08 14:22:40 -1:00","[]"
1bc597cc-18d7-45f3-9170-26f0c4707f68,"[""researcher""]","[""Cyberspeak""]","[""Fusilli Institute of Law"",""Capellini Legal Academy""]",7,beginner,16673,"2023-10-04 14:22:40 +8:00","[]"
7156d8a1-fb62-4599-b477-9893a8559915,"[""interpreter"",""attorney""]","[""Quantumese"",""Siliconian"",""Robolingo""]","[""Noodle Jurisprudence Academy""]",8,intermediate,504968,"2023-10-10 14:22:40 +3:00","[""94f686f8-019d-4d8a-99b4-02f2bb629702""]"
0a50e68a-6717-4564-bc86-72d05de5cd47,"[""interpreter"",""translator""]","[""Quantumese""]","[""Lasgna Law School"",""Capellini Legal Academy""]",14,beginner,335900,"2023-10-06 14:22:40 +7:00","[]"
c3243c2e-62b5-45d9-8592-67f9389779c3,"[""attorney""]","[""Cyberspeak""]","[""Ziti Legal College""]",9,expert,851141,"2023-10-06 14:22:40 -8:00","[""a6f254e1-de1d-48b1-9fd0-40c1cf330512""]"
d5aec4d6-0d6d-412e-8acd-eaf7f27b3b94,"[""interpreter"",""translator""]","[""Byteish"",""Robolingo""]","[""Penne Law Center"",""Macaroni Legal Center""]",9,expert,320494,"2023-10-08 14:22:40 +2:00","[]"
35a571a3-71dc-4dea-b8a3-e81aabe599be,"[""translator"",""interpreter""]","[""Siliconian"",""Datalex""]","[""Tortellini Legal College""]",15,intermediate,94765,"2023-10-11 14:22:40 -7:00","[]"
386ace90-b3c4-402a-b19d-1cb90be97fd8,"[""attorney"",""translator""]","[""Byteish""]","[""Tortellini Legal College"",""Penne Law Center""]",8,beginner,693120,"2023-10-07 14:22:40 -1:00","[]"
c8725fa0-2ef1-4531-81c3-f67d1d6e6d0a,"[""interpreter""]","[""Hololect"",""Alscript""]","[""Fusilli Institute of Law"",""Lasgna Law School""]",13,advanced,850033,"2023-10-08 14:22:40 -2:00","[""1439b8c2-28f0-4065-82cf-1cc8aa904abb""]"
923f335c-ff14-4d52-9581-d5a015cc6b3c,"[""researcher""]","[""Siliconian"",""Byteish"",""Cyberspeak""]","[""Ziti Legal College"",""Pasta Legal Institute""]",9,advanced,628151,"2023-10-04 14:22:40 -2:00","[""def65a2a-92af-48c1-a49f-d0296c49df4d"",""d55cbda9-e7ac-4603-bd41-92d6eb08383a""]"
21b7aa9a-fd8e-4528-bbb0-b5afcd350b2d,"[""attorney""]","[""Cyphertongue"",""Robolingo"",""Alscript""]","[""Spaghetti Strands Law School""]",14,advanced,502613,"2023-10-09 14:22:40 +0:00","[""b51ec403-9e99-41bc-8d90-d0ec1cbb8422"",""e964079b-6334-478b-b733-689e9763becb""]"
16aab199-b716-49c5-9ca7-d6279123c186,"[""translator"",""interpreter""]","[""Byteish"",""Cyberspeak""]","[""Lasgna Law School"",""Fusilli Institute of Law""]",12,advanced,335627,"2023-10-09 14:22:40 -7:00","[]"
3b1519ff-1c77-465c-a8ab-ae421a71584c,"[""translator""]","[""Byteish""]","[""Tortellini Legal College"",""Noodle Jurisprudence Academy""]",8,expert,654113,"2023-10-05 14:22:40 +12:00","[""59878b4d-799b-42af-ab23-4637f98051f8"",""1e37b0fd-e2be-441e-812b-81556250e830""]"
79953a62-236c-4377-a604-f6bd3b8359f1,"[""interpreter"",""translator""]","[""Alscript"",""Cyberspeak"",""Hololect""]","[""Ziti Legal College""]",12,intermediate,146168,"2023-10-11 14:22:40 -2:00","[]"
54e5e845-e781-4bbc-bc0e-0345208933d0,"[""attorney""]","[""Technophrase"",""Alscript"",""Siliconian""]","[""Tortellini Legal College"",""Pasta Legal Institute""]",7,expert,472169,"2023-10-03 14:22:40 +2:00","[""d4b435b2-e4ee-4024-9156-9f7b55f69289"",""97ca4433-3cd1-4a71-b106-daf77360d547"",""c4d5db15-92eb-46a5-a713-75a435e42c94""]"
d2c21785-81e7-4635-92e5-fc4f999db24d,"[""attorney""]","[""Robolingo"",""Datalex"",""Byteish""]","[""Noodle Jurisprudence Academy"",""Tortellini Legal College""]",9,advanced,455560,"2023-10-08 14:22:40 +2:00","[""8c3642d0-00cf-4fc6-9a4f-c91d9526de98""]"
bd6e6950-4c5f-4c7e-879e-1ada53a9cb4f,"[""attorney"",""translator""]","[""Siliconian""]","[""Pasta Legal Institute"",""Macaroni Legal Center""]",13,intermediate,30691,"2023-10-10 14:22:40 +4:00","[""2a343be2-0693-4e87-b215-2f2268aedc7f"",""5820e8aa-ff54-4ac0-8b84-176baf1327d5""]"
36092429-6d23-4d46-a935-fe103fcb4595,"[""translator""]","[""Robolingo""]","[""Fusilli Institute of Law"",""Lasgna Law School""]",10,advanced,918186,"2023-10-03 14:22:40 +7:00","[""38454229-ef74-44f4-b464-a8771bdf0b8a""]"
e9446bc6-15ee-4cce-b665-c55cf6d3a99a,"[""attorney"",""researcher""]","[""Cyberspeak"",""Byteish""]","[""Fusilli Institute of Law"",""Tortellini Legal College""]",15,beginner,152347,"2023-10-03 14:22:40 +11:00","[""90aada95-25f1-4ecf-916e-d87e04376e32""]"
b3194062-41ef-4938-b47f-a1a1b5030817,"[""attorney"",""translator""]","[""Robolingo"",""Siliconian"",""Byteish""]","[""Tortellini Legal College""]",14,beginner,401026,"2023-10-11 14:22:40 -5:00","[""c2155f03-4060-4ad9-bd81-82b86d88fa4e"",""614303a0-48b0-44ba-a262-8b78a8d0e5c6"",""89d6cc67-3089-4c65-966b-5e36d081acb1""]"
069f9796-722b-45d3-9a76-fc0c13ac57d1,"[""researcher"",""translator""]","[""Siliconian"",""Technophrase""]","[""Lasgna Law School""]",7,beginner,416105,"2023-10-11 14:22:40 -0:00","[]"
c2a45bdf-e6a6-4ca5-8d3f-63e980339978,"[""translator""]","[""Cyberspeak""]","[""Ravioli School of Jurisprudence""]",7,beginner,838304,"2023-10-09 14:22:40 +0:00","[""23365734-dd65-467e-8922-2d0f523cd946"",""38e88009-0d50-4103-88e6-a6fa6a4cc69c""]"
5862dc2f-f303-4a2e-b1c9-e1ca70757729,"[""researcher""]","[""Robolingo"",""Technophrase"",""Cyberspeak""]","[""Noodle Jurisprudence Academy""]",11,intermediate,731780,"2023-10-11 14:22:40 +9:00","[]"
44776d6c-6497-4e4d-9533-8ca7ca5c2510,"[""translator""]","[""Technophrase""]","[""Noodle Jurisprudence Academy""]",10,intermediate,620067,"2023-10-04 14:22:40 -4:00","[""9fc07c00-4506-4a4b-a8ad-ceb47a489aa4"",""7a95f6f9-ef52-42ce-b26c-6577903d0d1d""]"
24b87047-c4e3-4c1e-9d96-e03205f31a3b,"[""researcher"",""attorney""]","[""Alscript""]","[""Ravioli School of Jurisprudence""]",7,expert,247056,"2023-10-07 14:22:40 +7:00","[""ee013b86-602d-4eb0-ac7c-d2376d26348e""]"
501aa99f-0807-46c5-a90e-c807e4ce9854,"[""researcher"",""interpreter""]","[""Hololect"",""Datalex""]","[""Lasgna Law School""]",15,beginner,493225,"2023-10-10 14:22:40 -11:00","[]"
83dd5345-e553-4c1e-834a-02fdfebe0b9d,"[""interpreter""]","[""Hololect"",""Technophrase"",""Siliconian""]","[""Ravioli School of Jurisprudence"",""Noodle Jurisprudence Academy""]",15,intermediate,871861,"2023-10-11 14:22:40 -8:00","[""f15fc71c-6803-4ad8-ad13-c1478641ce45""]"
0b1456fb-3aa9-47f4-9739-ebcfcb647eda,"[""interpreter"",""attorney""]","[""Technophrase"",""Cyphertongue"",""Robolingo""]","[""Ziti Legal College""]",7,expert,733904,"2023-10-07 14:22:40 +12:00","[""028c9cf9-3cb5-495f-83fc-6aec9453c07a""]"
a93586dc-3d48-4e6c-8eb9-13dc2d52dcfe,"[""researcher""]","[""Byteish"",""Alscript""]","[""Tortellini Legal College""]",13,beginner,258351,"2023-10-06 14:22:40 -12:00","[""3cf83ff7-d839-4e09-aaee-4de029d733b9"",""2baf8c0e-a93b-43b3-9746-db9bee753b43"",""c8463894-7da7-4795-8022-b504f20bb088""]"
28390fb2-554b-4b05-9ee7-f71df221e9d6,"[""attorney"",""translator""]","[""Cyphertongue"",""Robolingo"",""Alscript""]","[""Capellini Legal Academy"",""Spaghetti Strands Law School""]",13,expert,252434,"2023-10-03 14:22:40 +4:00","[""95ea4dac-46cf-42ea-a7f9-98bee42354df""]"
9b363d2a-7833-4101-9c20-4a133865c550,"[""attorney"",""interpreter""]","[""Hololect""]","[""Lasgna Law School""]",9,advanced,9076,"2023-10-06 14:22:40 +4:00","[]"
02b429a7-8217-4059-aca9-a5897abcd761,"[""translator"",""attorney""]","[""Cyphertongue""]","[""Lasgna Law School""]",15,intermediate,925101,"2023-10-10 14:22:40 +12:00","[]"
12cc820e-e2f2-4d48-bc05-1ace540da49e,"[""attorney""]","[""Alscript""]","[""Lasgna Law School"",""Capellini Legal Academy""]",14,expert,945787,"2023-10-08 14:22:40 -5:00","[]"
7c1ff0ad-b9ab-40c0-b4d2-1de7eb1ed37c,"[""researcher""]","[""Technophrase""]","[""Spaghetti Strands Law School"",""Capellini Legal Academy""]",12,advanced,655075,"2023-10-06 14:22:40 -7:00","[]"
40376644-f834-4107-8262-57a3697d4dbb,"[""interpreter"",""attorney""]","[""Technophrase""]","[""Macaroni Legal Center"",""Ziti Legal College""]",8,beginner,375810,"2023-10-06 14:22:40 +9:00","[]"
b8326610-1a4e-4a34-80a4-823eeb119196,"[""interpreter"",""translator""]","[""Datalex""]","[""Ziti Legal College""]",11,advanced,744418,"2023-10-05 14:22:40 +3:00","[""020162bd-e0af-423c-994f-8115cdea7f62"",""30150ee0-a2dc-4956-ab24-efb5be395e5a"",""bf022e94-ad57-4dd3-9223-ea0120c0b845""]"
3f47b215-ba9e-4c77-af1c-963ac40b53e6,"[""researcher"",""attorney""]","[""Technophrase"",""Alscript""]","[""Lasgna Law School"",""Pasta Legal Institute""]",9,intermediate,921961,"2023-10-09 14:22:40 +11:00","[""2ef947d4-4c47-4bb3-b225-fbda95d1cae0"",""e4e03437-4660-4059-bbd2-0affd4b63923""]"
d9ddc9ad-b178-4aab-805e-8cbaa5f7cf5c,"[""researcher"",""attorney""]","[""Quantumese"",""Byteish"",""Hololect""]","[""Noodle Jurisprudence Academy"",""Tortellini Legal College""]",11,advanced,845237,"2023-10-09 14:22:40 +1:00","[]"
89cc1475-15b1-4401-917d-166f1644409c,"[""translator""]","[""Datalex"",""Hololect""]","[""Fusilli Institute of Law"",""Ziti Legal College""]",15,intermediate,235208,"2023-10-08 14:22:40 +6:00","[""e507fb85-c851-44db-8277-94059d36ed36"",""f11308e4-d42f-4045-8f0f-49fec2f67ada"",""5e85bda2-803c-480c-91b6-570eb844f900"",""29fc72e4-b4b1-4d15-a817-c599d6cc8c3c""]"
882b0f53-a053-4bff-aa91-e651ecb5d0b1,"[""translator""]","[""Robolingo"",""Siliconian"",""Cyphertongue""]","[""Penne Law Center"",""Spaghetti Strands Law School""]",10,intermediate,8485,"2023-10-03 14:22:40 +8:00","[]"
d20b47be-cd07-49bb-8266-3cd8b288469f,"[""researcher"",""translator""]","[""Quantumese""]","[""Penne Law Center""]",8,intermediate,366067,"2023-10-08 14:22:40 -4:00","[""1b4c33bc-b285-46cf-93a8-d160c427d260""]"
aa433ce4-66f5-44bc-8378-adae11ba4eaf,"[""translator""]","[""Hololect""]","[""Capellini Legal Academy""]",9,beginner,700009,"2023-10-03 14:22:40 -5:00","[""5147aeeb-8d74-477c-b593-997bffeb5245""]"
6f90b785-18c7-4c6d-8365-c40055e0330f,"[""attorney"",""translator""]","[""Cyphertongue"",""Byteish"",""Siliconian""]","[""Penne Law Center"",""Lasgna Law School""]",7,beginner,86260,"2023-10-07 14:22:40 -11:00","[]"
f60134e4-2349-4255-bac5-473c973392c8,"[""attorney"",""translator""]","[""Datalex"",""Alscript""]","[""Tortellini Legal College"",""Penne Law Center""]",15,beginner,924425,"2023-10-05 14:22:40 +10:00","[]"
f93ab638-aaf8-4677-bff2-c2ffa5297180,"[""researcher""]","[""Alscript"",""Cyberspeak""]","[""Noodle Jurisprudence Academy""]",7,advanced,860012,"2023-10-04 14:22:40 +6:00","[]"
b56ecece-a787-4008-a880-5e584160d2b2,"[""attorney"",""translator""]","[""Cyphertongue"",""Technophrase""]","[""Noodle Jurisprudence Academy""]",13,advanced,385564,"2023-10-11 14:22:40 -2:00","[""39f37194-22ee-40b6-812d-ae22e14e0cdf"",""cb4f51fc-b318-4cfe-8ab0-0296bbc6dd26""]"
3f15d192-2542-49b0-af7a-3237a2590e05,"[""interpreter"",""researcher""]","[""Hololect"",""Robolingo""]","[""Capellini Legal Academy""]",13,expert,671122,"2023-10-07 14:22:40 +11:00","[""9f861ed9-86f5-46d8-b913-48adcf3aaf6f""]"
da59a36a-eeca-4bff-a558-1f93ed10b937,"[""researcher""]","[""Quantumese"",""Alscript"",""Byteish""]","[""Penne Law Center""]",10,advanced,751653,"2023-10-06 14:22:40 +3:00","[""0ea1f6e1-be08-4120-a784-d35d15361507"",""a3f39dd2-ad03-4846-b9f3-703ee870fc0e""]"
fc83671a-2ed6-47d0-af74-f18b50eb7875,"[""interpreter"",""researcher""]","[""Quantumese""]","[""Noodle Jurisprudence Academy"",""Ziti Legal College""]",8,beginner,820776,"2023-10-08 14:22:40 -12:00","[]"
66e6b55f-541f-4cf2-aad8-e7f097f1d2ad,"[""interpreter""]","[""Hololect""]","[""Penne Law Center""]",12,advanced,950658,"2023-10-05 14:22:40 -8:00","[]"
fef9fd63-68ee-49de-bdcb-370084205f71,"[""translator""]","[""Cyphertongue"",""Siliconian""]","[""Pasta Legal Institute"",""Fusilli Institute of Law""]",15,expert,124784,"2023-10-11 14:22:40 +12:00","[""c495380b-8129-42e9-8cd6-6b9fe72cf888""]"
a0aff13a-6d22-4209-bef3-b6f84c840c4f,"[""attorney"",""interpreter""]","[""Quantumese""]","[""Fusilli Institute of Law""]",12,beginner,661519,"2023-10-10 14:22:40 +5:00","[""edb89f32-fcda-453b-84e1-609ebc10c2c9"",""6647154e-08a5-4dbd-9bc6-d631b38a0f66""]"
25cf6676-6b26-49ec-aea6-ecbaf66784eb,"[""translator""]","[""Technophrase"",""Hololect""]","[""Ziti Legal College""]",13,expert,306862,"2023-10-11 14:22:40 -7:00","[""968143b3-a3af-45de-a0c5-2fcc834ad4c7""]"
dff693b8-6a1b-47d1-bcd6-1f9913236993,"[""researcher"",""interpreter""]","[""Cyberspeak"",""Hololect"",""Byteish""]","[""Fusilli Institute of Law""]",9,beginner,535125,"2023-10-03 14:22:40 -7:00","[]"
81377c9e-f05c-4eee-95fc-30975f2575d8,"[""interpreter""]","[""Quantumese"",""Alscript"",""Byteish""]","[""Penne Law Center"",""Spaghetti Strands Law School""]",12,intermediate,856753,"2023-10-11 14:22:40 +8:00","[""92dd72b1-7980-4c9b-90bf-5ad432139c50""]"
62ef8703-0b2d-435d-b5fe-3f1c98cfeb79,"[""researcher"",""attorney""]","[""Alscript""]","[""Macaroni Legal Center""]",8,advanced,811852,"2023-10-08 14:22:40 +12:00","[""c4134a1b-3498-42ab-a244-8dce1d7d9308""]"
29ad076e-ddd1-4a83-9f15-9e18692855a1,"[""attorney"",""interpreter""]","[""Cyphertongue"",""Cyberspeak"",""Quantumese""]","[""Lasgna Law School"",""Capellini Legal Academy""]",14,expert,622150,"2023-10-06 14:22:40 -2:00","[]"
acd600b8-10f8-4ae7-b2c9-e54e75b01513,"[""interpreter"",""translator""]","[""Datalex""]","[""Capellini Legal Academy"",""Spaghetti Strands Law School""]",11,intermediate,444499,"2023-10-10 14:22:40 -5:00","[]"
95b41bd3-6162-4352-9ee5-2d094371047c,"[""researcher"",""translator""]","[""Quantumese""]","[""Spaghetti Strands Law School""]",14,beginner,917854,"2023-10-05 14:22:40 +5:00","[""dc82a69e-2d1e-4827-b514-b15c2e026d35""]"
ab72a69b-b756-4dd8-a09a-4581831fae16,"[""interpreter"",""attorney""]","[""Robolingo""]","[""Capellini Legal Academy"",""Ziti Legal College""]",8,beginner,167061,"2023-10-05 14:22:40 +6:00","[""42697ad5-608d-412d-87c8-705ad068e847"",""0e55b4d6-335f-4b21-8543-a40a2293f6f0""]"
2f474487-5bf5-4b70-ad33-ee489b1be4f9,"[""attorney""]","[""Technophrase""]","[""Capellini Legal Academy""]",9,beginner,49417,"2023-10-10 14:22:40 -9:00","[""f34f9149-0f3f-49ee-8ba7-1a196ba577f5"",""8180632b-c51e-4874-81be-01bdc950b9ac""]"
22deade4-6dff-4b38-8c25-5283f56e30d9,"[""attorney"",""researcher""]","[""Datalex"",""Robolingo"",""Quantumese""]","[""Lasgna Law School""]",10,expert,71468,"2023-10-10 14:22:40 +11:00","[""edd59911-338f-42fe-8cd3-e9787168c4ab"",""a4382a56-177e-4757-8e40-a6382e578147""]"
5b009f0b-3b21-4777-b4ef-c7f3c56e88a8,"[""researcher"",""interpreter""]","[""Robolingo""]","[""Penne Law Center""]",12,intermediate,772834,"2023-10-09 14:22:40 +0:00","[""1aba4959-68a1-4031-b26f-c0b10ac568b5""]"
d6bd849a-9f88-4e5b-b9ab-7a5ba4f0d98a,"[""attorney"",""interpreter""]","[""Technophrase"",""Cyberspeak""]","[""Capellini Legal Academy"",""Tortellini Legal College""]",10,advanced,117343,"2023-10-11 14:22:40 +4:00","[""b091a2fb-7f7c-45bb-b49c-f2b9bc137bb5"",""de20423e-2b5e-4b66-a1e1-0bac85b1fbc8""]"
1dc2eab0-118a-4e58-80bf-a3f327c5d5ad,"[""researcher"",""translator""]","[""Technophrase"",""Byteish"",""Hololect""]","[""Pasta Legal Institute"",""Spaghetti Strands Law School""]",13,advanced,580521,"2023-10-05 14:22:40 +0:00","[""0c05d8c2-81c6-4fc5-8072-1b309d71f375""]"
7ac9e204-d267-4a5b-800b-9a59ffe5f9f5,"[""translator""]","[""Alscript""]","[""Noodle Jurisprudence Academy"",""Fusilli Institute of Law""]",13,expert,72565,"2023-10-09 14:22:40 +11:00","[""84be0176-1da2-4b8f-87ba-d6f6a0a8399d""]"
c6daa4c9-ac38-4665-9456-abbf1c4e1d26,"[""researcher""]","[""Technophrase"",""Quantumese""]","[""Penne Law Center"",""Ravioli School of Jurisprudence""]",14,expert,445996,"2023-10-08 14:22:40 +2:00","[""1a096ef7-c196-4445-8039-cae63c8809ef""]"
62bc6a94-95f2-4075-9e3b-28c6261746fd,"[""translator""]","[""Technophrase""]","[""Ziti Legal College""]",12,advanced,716343,"2023-10-06 14:22:40 -9:00","[]"
76cddc94-66e6-454f-9054-e720137225cf,"[""interpreter"",""researcher""]","[""Alscript"",""Siliconian"",""Byteish""]","[""Spaghetti Strands Law School""]",12,expert,143589,"2023-10-06 14:22:40 +12:00","[""a3bdfe3e-6ea6-42d0-b891-d4889b8f5c1c""]"
5d8bcacf-0817-4977-89ca-918d263fa235,"[""researcher""]","[""Byteish"",""Datalex""]","[""Penne Law Center"",""Ravioli School of Jurisprudence""]",9,advanced,673195,"2023-10-08 14:22:40 +0:00","[""de381097-5966-4905-b3a9-fba1203d4fa0""]"
e8d506d2-c101-4f34-ab49-653d0f400db2,"[""translator"",""researcher""]","[""Cyberspeak"",""Siliconian""]","[""Fusilli Institute of Law"",""Capellini Legal Academy""]",8,expert,437401,"2023-10-07 14:22:40 -0:00","[]"
097b062f-43c1-4210-b7bf-fbeeb674efed,"[""translator"",""attorney""]","[""Technophrase""]","[""Penne Law Center"",""Pasta Legal Institute""]",14,intermediate,359762,"2023-10-03 14:22:40 +2:00","[""1ebebeff-f17b-4206-a715-a873bdd0c069"",""ce556f6b-b84e-4b1d-951f-0cc6be1f5af9""]"
d1fc9651-6e72-408d-85a8-ee825cb86d9e,"[""interpreter""]","[""Robolingo"",""Quantumese""]","[""Noodle Jurisprudence Academy"",""Penne Law Center""]",12,beginner,470688,"2023-10-03 14:22:40 +5:00","[""b61b01dc-9924-4c37-8cce-713fd181f954"",""87613625-572a-4652-886f-c2016f331607""]"
4de836bc-49b2-4400-85b5-64636e2df524,"[""interpreter"",""translator""]","[""Alscript"",""Quantumese"",""Hololect""]","[""Ravioli School of Jurisprudence"",""Fusilli Institute of Law""]",12,expert,441002,"2023-10-06 14:22:40 -12:00","[]"
00f62396-271b-4260-9313-a276e57a56b7,"[""translator""]","[""Cyberspeak"",""Quantumese"",""Byteish""]","[""Noodle Jurisprudence Academy"",""Pasta Legal Institute""]",12,expert,905343,"2023-10-08 14:22:40 -0:00","[]"
48a6f229-3b7b-4c96-a36e-2a03c7b357e3,"[""attorney"",""translator""]","[""Byteish""]","[""Lasgna Law School""]",8,beginner,434855,"2023-10-04 14:22:40 +4:00","[]"
fbea3452-9778-43b3-8b4d-b970bdba8ab8,"[""translator""]","[""Cyberspeak"",""Technophrase""]","[""Ravioli School of Jurisprudence"",""Pasta Legal Institute""]",13,advanced,844704,"2023-10-06 14:22:40 -12:00","[]"
684edbff-a995-49d9-95f5-f7321ba50ba5,"[""researcher""]","[""Byteish"",""Technophrase""]","[""Macaroni Legal Center"",""Pasta Legal Institute""]",12,intermediate,627367,"2023-10-08 14:22:40 -4:00","[]"
823fdb31-35bb-4327-ad14-f9b446ced9f9,"[""translator"",""attorney""]","[""Technophrase""]","[""Penne Law Center""]",15,advanced,189704,"2023-10-04 14:22:40 -0:00","[""1a2a985d-9e46-49f8-8300-f826adeb5319"",""1d5e2fe6-4cca-4f5d-91b5-c5e163d1ae98"",""f7c04a9a-b007-4ba4-bd25-9c3141a7cafd"",""12d53d23-3254-4846-8eb9-d57c74399533""]"
3e5d45e6-f454-4661-bd14-ce3bcfa14a35,"[""attorney"",""interpreter""]","[""Cyberspeak"",""Hololect"",""Robolingo""]","[""Capellini Legal Academy"",""Ziti Legal College""]",7,intermediate,801097,"2023-10-03 14:22:40 -10:00","[""196309ec-621e-4d96-8734-41287ed3b2c4"",""10b5736e-9ec3-45b0-aa15-937f91c24717""]"
0f734d03-25d2-4b96-be61-27f50c228a6b,"[""translator""]","[""Technophrase""]","[""Ravioli School of Jurisprudence""]",11,expert,533235,"2023-10-05 14:22:40 +1:00","[""e45324dd-17a7-4d4e-b174-dea811a8304a""]"
a64e6b5c-9a09-4327-8186-c17e203b32d0,"[""interpreter"",""attorney""]","[""Byteish""]","[""Ravioli School of Jurisprudence"",""Ziti Legal College""]",9,intermediate,926042,"2023-10-10 14:22:40 +8:00","[""be25d846-94ff-45bd-8370-33036ad46481""]"
fce2efc8-c303-4ccb-98b3-28d1b6b3225a,"[""interpreter""]","[""Technophrase""]","[""Lasgna Law School""]",13,intermediate,402062,"2023-10-07 14:22:40 -0:00","[]"
fa9c9e49-962f-406e-b12c-2822c297e41b,"[""interpreter"",""translator""]","[""Technophrase""]","[""Lasgna Law School""]",13,expert,454360,"2023-10-09 14:22:40 +2:00","[""f887f88f-f95d-4750-9049-7040c7346870""]"
4d1d135b-be08-4549-9724-18c3067d9d9c,"[""interpreter"",""attorney""]","[""Cyphertongue""]","[""Ravioli School of Jurisprudence"",""Fusilli Institute of Law""]",10,expert,52551,"2023-10-05 14:22:40 -0:00","[]"
3e185469-effb-4c2d-a8cd-8157c3b60e4d,"[""translator""]","[""Cyphertongue"",""Hololect""]","[""Capellini Legal Academy""]",14,intermediate,442479,"2023-10-04 14:22:40 +5:00","[""fc8dd07e-6b39-4851-98b4-be79b0b6d2ae"",""64260235-f8d5-44e5-9271-3a730f202977"",""2207d940-cbe4-4a71-8546-b5f52045b547""]"
5c017082-df78-4a61-8ba3-0c9cf7eced4c,"[""translator"",""attorney""]","[""Datalex"",""Alscript""]","[""Penne Law Center""]",12,beginner,302858,"2023-10-06 14:22:40 -2:00","[""f1c43874-577c-4ef9-8761-a963c138b139"",""79d88b3d-8f6a-4e4b-8cee-504c6165290b""]"
078bd097-e36c-4839-b69a-d9b4d05b9f98,"[""attorney""]","[""Byteish"",""Datalex""]","[""Macaroni Legal Center""]",13,expert,820583,"2023-10-04 14:22:40 -6:00","[""143c9920-a476-4c0f-ba85-f81d231b5aa3"",""acc4d063-6759-4a6a-b1e5-7cb25eb40a49"",""e37d58ae-a3fb-4d6c-9f72-a837163741a2""]"
c3a79ad6-6e9a-4999-9286-65931ccc68ff,"[""translator""]","[""Alscript""]","[""Pasta Legal Institute""]",15,expert,426177,"2023-10-03 14:22:40 +3:00","[""c12bc609-a0c1-401a-b7ef-130da4a7cbf3""]"
f78e7162-bbb7-4800-b7f3-089845df7e80,"[""attorney""]","[""Quantumese""]","[""Lasgna Law School""]",14,advanced,627343,"2023-10-03 14:22:40 -8:00","[""e8f980ba-5dae-467d-9949-b9bdad348f93"",""141eb8be-ec34-4659-aabb-cd61955cf9c0""]"
501e9c97-4e58-40e8-8d03-ba2e7d7dcecf,"[""translator"",""attorney""]","[""Technophrase"",""Byteish"",""Alscript""]","[""Macaroni Legal Center""]",12,expert,128370,"2023-10-10 14:22:40 +12:00","[]"
ab5f2483-47cc-4cd8-9489-48f0b970ff2c,"[""attorney"",""interpreter""]","[""Alscript""]","[""Fusilli Institute of Law""]",7,beginner,221309,"2023-10-11 14:22:40 -12:00","[]"
574c0500-8138-4ef0-a4f4-d9b7bb0b5486,"[""attorney"",""translator""]","[""Technophrase"",""Cyberspeak"",""Quantumese""]","[""Ravioli School of Jurisprudence""]",7,advanced,710100,"2023-10-05 14:22:40 +10:00","[""c4c8584c-4ad6-4737-96c8-b9e582c12232"",""daada509-dea9-4d46-bd1e-c66aedd4ec5d"",""3032d738-aab6-4e8e-8739-529c3b32377a"",""0845a891-d80c-44dc-84f6-a4d2af8e0e38""]"
6f9650ad-7dc3-479a-a60b-2af02e20a6e7,"[""translator"",""researcher""]","[""Cyphertongue""]","[""Fusilli Institute of Law""]",8,intermediate,31647,"2023-10-11 14:22:40 -0:00","[""0780ca65-728d-4f08-837e-715a0ec28754"",""f006c7eb-95a8-40fa-8c80-d67ac96bbb70""]"
5d7ff791-95ee-410d-af44-17291a73a50b,"[""attorney"",""researcher""]","[""Datalex"",""Siliconian"",""Robolingo""]","[""Macaroni Legal Center""]",13,advanced,922052,"2023-10-10 14:22:40 +5:00","[]"
116d2ca9-a86f-4b9a-91cb-5ad67228d29a,"[""translator"",""interpreter""]","[""Alscript"",""Cyphertongue"",""Robolingo""]","[""Lasgna Law School""]",7,intermediate,650155,"2023-10-07 14:22:40 -1:00","[""3e9b7558-5c5b-452e-9a14-5bf1153640fd""]"
c8ecb4c0-8f55-4d4d-a6b1-4c6c2d5b6ce3,"[""translator""]","[""Byteish"",""Quantumese""]","[""Penne Law Center"",""Tortellini Legal College""]",9,expert,495059,"2023-10-10 14:22:40 +6:00","[""08e53ef9-650c-4aef-9f79-2a6d25223563"",""6ff90bfb-bc6d-4563-8baa-55dff43af1a6""]"
f33644af-fb89-49b3-a96a-5eb64578bbff,"[""translator"",""attorney""]","[""Robolingo""]","[""Capellini Legal Academy"",""Noodle Jurisprudence Academy""]",9,beginner,454765,"2023-10-11 14:22:40 +7:00","[]"
e2ffcb6c-b468-4cc2-b663-7d6084d684eb,"[""researcher""]","[""Technophrase"",""Siliconian"",""Hololect""]","[""Spaghetti Strands Law School""]",7,intermediate,956488,"2023-10-10 14:22:40 -2:00","[""3a9a5f63-d1bf-410f-9262-1fd9949f2f0c""]"
a3da23ee-e65b-4aa0-a97f-3e0b800a8498,"[""translator""]","[""Cyphertongue""]","[""Lasgna Law School"",""Penne Law Center""]",10,advanced,319032,"2023-10-07 14:22:40 -0:00","[]"
ce3d6f29-37e3-416b-9cca-e305e374dd58,"[""attorney""]","[""Cyphertongue"",""Cyberspeak""]","[""Fusilli Institute of Law"",""Capellini Legal Academy""]",9,expert,47417,"2023-10-06 14:22:40 +8:00","[]"
6bfc0906-fb5c-4f76-a38f-fe4d5edcd95e,"[""attorney"",""researcher""]","[""Siliconian"",""Cyphertongue""]","[""Capellini Legal Academy"",""Ravioli School of Jurisprudence""]",15,intermediate,711560,"2023-10-10 14:22:40 +6:00","[""c3cf32d5-f4a7-4bc6-9f94-b678d2654c08"",""1a66782c-f8b3-446c-9a06-d407dc687cfe""]"
c199035e-0a33-4396-bb45-ef36fa4a55a3,"[""researcher"",""translator""]","[""Hololect""]","[""Fusilli Institute of Law""]",12,intermediate,598306,"2023-10-08 14:22:40 -10:00","[""129512e8-21eb-4b29-a6af-50e7013f0ed5""]"
3f12e45d-f37d-4801-bea3-a6f3a29b152a,"[""interpreter""]","[""Hololect""]","[""Spaghetti Strands Law School"",""Lasgna Law School""]",11,expert,484577,"2023-10-07 14:22:40 -11:00","[""0ef2cb99-d0da-4a7a-b634-522a32f17703""]"
c333d646-de7e-403c-bd0e-bbcef1b29de6,"[""attorney""]","[""Datalex"",""Alscript"",""Cyberspeak""]","[""Spaghetti Strands Law School"",""Ravioli School of Jurisprudence""]",9,intermediate,223156,"2023-10-11 14:22:40 -5:00","[]"
72d0dc5c-239d-49e2-a24d-cdecb1d0891d,"[""attorney"",""translator""]","[""Datalex"",""Robolingo""]","[""Penne Law Center""]",7,expert,244750,"2023-10-05 14:22:40 -4:00","[]"
515c7ade-0715-4952-8ba0-c04443a1f8b2,"[""interpreter""]","[""Robolingo"",""Siliconian"",""Hololect""]","[""Macaroni Legal Center"",""Lasgna Law School""]",12,intermediate,186680,"2023-10-09 14:22:40 -7:00","[""052a1cd0-dbee-4c35-a63b-b9c45c1816a5""]"
8ee308e5-9272-4b30-a196-b19b7d0f4258,"[""researcher""]","[""Datalex""]","[""Ravioli School of Jurisprudence"",""Macaroni Legal Center""]",10,expert,525621,"2023-10-08 14:22:40 +6:00","[""5ee5d3c2-4961-41af-a74f-1dd2d5bc6fe4"",""a3326539-847c-4dbc-ab7e-f672a67983fd""]"
99d29f81-4629-41e7-86e4-de2a59f1ac67,"[""translator"",""interpreter""]","[""Cyberspeak"",""Hololect""]","[""Macaroni Legal Center""]",14,beginner,443747,"2023-10-09 14:22:40 -1:00","[""c081e962-f850-430c-a9d3-12f3d4eb3bea"",""e68ef768-7353-4f51-a083-40bad58856d2"",""78c9158d-8758-4cfb-9be7-0a99dae31346"",""30766522-340d-4400-a23a-c3e642999af0""]"
0b4d9b9c-089c-4077-8cf1-32ac976b1987,"[""translator"",""researcher""]","[""Technophrase""]","[""Lasgna Law School"",""Pasta Legal Institute""]",15,advanced,377403,"2023-10-11 14:22:40 -11:00","[]"
38ad80d3-0e46-4e3d-89f2-16a629f0767b,"[""translator""]","[""Technophrase""]","[""Noodle Jurisprudence Academy""]",13,beginner,892052,"2023-10-08 14:22:40 -3:00","[""b63d6910-9220-4baa-b98c-e795b7e04945"",""12748de5-2586-4377-9893-7c0ceb243704""]"
ee067250-5ff5-40c5-95cd-0106f66bfcae,"[""attorney""]","[""Siliconian""]","[""Penne Law Center""]",11,intermediate,963149,"2023-10-04 14:22:40 -5:00","[""e4367fcb-db29-4808-b20a-472f3b5b8ece"",""9cd1212a-e58c-4df6-9003-dd92a6e3ad2a""]"
1f622adb-b101-46ad-be8b-fc9753b3a475,"[""researcher"",""translator""]","[""Technophrase"",""Datalex"",""Cyphertongue""]","[""Penne Law Center""]",13,intermediate,582588,"2023-10-08 14:22:40 -2:00","[""dba57a07-e9ba-47e4-9f04-070e8e844a75"",""85b93534-f08e-4917-a81c-0d7d033a6e40""]"
83328936-831e-43d7-a61b-fe7061723791,"[""translator"",""researcher""]","[""Hololect"",""Robolingo"",""Quantumese""]","[""Spaghetti Strands Law School""]",10,intermediate,150957,"2023-10-06 14:22:40 +4:00","[""6e9339ee-f09b-4393-a24f-f1b8b8bdc9d8""]"
974d19d8-e076-41c9-90fb-955477c9c12e,"[""researcher"",""attorney""]","[""Technophrase"",""Siliconian""]","[""Pasta Legal Institute""]",15,beginner,885388,"2023-10-11 14:22:40 -11:00","[]"
478a8397-3e38-4110-ba39-8570dbb479cd,"[""translator"",""attorney""]","[""Cyberspeak"",""Datalex"",""Quantumese""]","[""Ziti Legal College""]",10,advanced,616633,"2023-10-07 14:22:40 -4:00","[""ffa9fdc4-37f6-4ef4-9173-b5d401200e0e""]"
f2d752aa-177a-49ee-8248-0107baa527a7,"[""attorney"",""researcher""]","[""Quantumese"",""Robolingo"",""Cyphertongue""]","[""Spaghetti Strands Law School""]",11,advanced,741410,"2023-10-07 14:22:40 +8:00","[]"
0bd08497-078f-46e1-93a9-ea833873e9ce,"[""researcher""]","[""Robolingo"",""Technophrase""]","[""Ziti Legal College""]",12,expert,637925,"2023-10-09 14:22:40 +0:00","[""ad28da61-34f8-49c9-981b-16127fad85a4"",""9ce7c068-3c2a-4b61-b04d-e065abfdfcb4"",""d6edecee-2653-44d9-a112-2cfd599e65b7""]"
c0d567aa-05a7-45c5-ae5d-cd2d10e78d38,"[""attorney"",""translator""]","[""Byteish""]","[""Ziti Legal College""]",15,expert,620223,"2023-10-06 14:22:40 -4:00","[""18395649-27c9-4341-b321-c8e78f9d7acb""]"
30b5272e-5664-4a52-8aa0-e203223379fd,"[""translator""]","[""Alscript"",""Robolingo""]","[""Fusilli Institute of Law"",""Penne Law Center""]",10,expert,36314,"2023-10-09 14:22:40 +7:00","[]"
f7c05b20-92a9-45f2-ab98-0c9b8b3ae7b4,"[""researcher""]","[""Hololect"",""Robolingo"",""Alscript""]","[""Pasta Legal Institute""]",9,expert,202752,"2023-10-07 14:22:40 -11:00","[]"
d9cf6b25-9768-4c5d-86f3-bb11b179130a,"[""translator"",""researcher""]","[""Quantumese"",""Alscript""]","[""Noodle Jurisprudence Academy""]",9,expert,230182,"2023-10-09 14:22:40 +3:00","[]"
c7403ede-561d-446c-8ff6-dce6da774d39,"[""interpreter"",""translator""]","[""Siliconian"",""Technophrase"",""Datalex""]","[""Ravioli School of Jurisprudence""]",13,beginner,857293,"2023-10-09 14:22:40 +6:00","[""577f1dea-ff95-44a6-9ca9-57b663034ee4"",""02986f27-4f34-49ae-bcce-d83594cbd897""]"
d15bc698-8c22-439a-a05c-853272348177,"[""translator"",""attorney""]","[""Hololect""]","[""Tortellini Legal College""]",12,intermediate,451301,"2023-10-11 14:22:40 -7:00","[""a76fec85-5c95-491a-8eac-116dfc6be143"",""ec51f4e9-727b-4a48-be54-f00ef7c3c859"",""6467a70e-bd47-46da-922f-27f6239ae1ba""]"
c30c2e3d-7c60-428b-a5a5-8ec435a0486f,"[""interpreter""]","[""Hololect""]","[""Macaroni Legal Center"",""Ravioli School of Jurisprudence""]",13,intermediate,45134,"2023-10-05 14:22:40 +6:00","[""9f41d022-d059-488f-a653-9f6658e402d1""]"
bfc0ed55-5876-4834-b622-3d9f719232d3,"[""translator""]","[""Robolingo"",""Siliconian"",""Alscript""]","[""Tortellini Legal College""]",13,expert,740625,"2023-10-07 14:22:40 -10:00","[""c2c19348-23a9-4400-a623-40235e16e8a1"",""a8dbf0ba-e420-4688-9853-8d2f054fe823""]"
4e46e9c6-00ca-4ce2-add4-76b721ba3199,"[""researcher"",""attorney""]","[""Byteish""]","[""Macaroni Legal Center"",""Lasgna Law School""]",11,advanced,701147,"2023-10-10 14:22:40 -10:00","[""61b6f029-5699-46ab-832e-f66d4b215578"",""7eb125a8-6791-4861-82d5-b56c0491f327"",""49cefb21-5f02-4a97-9ee9-4c0495f593d9""]"
d72990a0-9ea6-4e10-91d2-f93c0edb7f9c,"[""researcher"",""interpreter""]","[""Hololect""]","[""Capellini Legal Academy"",""Ravioli School of Jurisprudence""]",7,intermediate,860083,"2023-10-05 14:22:40 -11:00","[""313fb3d7-cf5e-426f-b4d4-681bba680e72""]"
342d7dca-75b9-419c-a998-e5226651b59f,"[""translator""]","[""Byteish"",""Alscript"",""Robolingo""]","[""Penne Law Center""]",12,advanced,814377,"2023-10-05 14:22:40 +5:00","[""728549e7-2706-4704-a9a3-3c99bbfafc5a""]"
80b93d7e-f46a-4325-b8c1-cd974ab0c187,"[""attorney"",""interpreter""]","[""Quantumese"",""Alscript"",""Cyphertongue""]","[""Noodle Jurisprudence Academy""]",13,intermediate,688660,"2023-10-08 14:22:40 +7:00","[]"
305e2bbf-ad6e-48d5-9347-bb4c7dff1aa5,"[""attorney"",""researcher""]","[""Siliconian""]","[""Ziti Legal College""]",13,beginner,541954,"2023-10-05 14:22:40 -5:00","[]"
df11b06b-852d-48d8-89eb-72597abff23a,"[""researcher""]","[""Technophrase"",""Cyberspeak""]","[""Capellini Legal Academy"",""Pasta Legal Institute""]",8,expert,471926,"2023-10-05 14:22:40 -3:00","[""9c56f1af-39e4-47dc-a954-f60372e75800""]"
9a0f4698-f92c-4c83-8b01-2be4dfe9ee1f,"[""attorney""]","[""Hololect""]","[""Noodle Jurisprudence Academy""]",8,intermediate,99839,"2023-10-04 14:22:40 -10:00","[]"
21978aa8-ea7d-4aae-b234-0361970405cc,"[""interpreter"",""attorney""]","[""Datalex"",""Alscript"",""Robolingo""]","[""Ravioli School of Jurisprudence"",""Macaroni Legal Center""]",7,intermediate,248299,"2023-10-08 14:22:40 +8:00","[""a357bfc4-a2b7-4bd9-87ef-254fd6dae571"",""a5a96cc5-a002-42ef-9ea0-6715edee3c22""]"
e336037b-64da-4a07-9129-1d35df458853,"[""attorney""]","[""Technophrase"",""Siliconian"",""Cyphertongue""]","[""Macaroni Legal Center"",""Spaghetti Strands Law School""]",9,advanced,787479,"2023-10-04 14:22:40 -2:00","[""f4e988e9-6c7b-45b3-8cfd-fb547dd2af09""]"
183d413f-7138-4742-ba0f-2160da7b2d83,"[""translator"",""attorney""]","[""Technophrase"",""Hololect"",""Byteish""]","[""Penne Law Center"",""Fusilli Institute of Law""]",9,beginner,726605,"2023-10-07 14:22:40 +9:00","[""9e4c9cbc-10af-4f33-91f7-ac45369eed79""]"
09522943-86fa-465d-98fc-3d6c65da2b8c,"[""interpreter""]","[""Hololect""]","[""Tortellini Legal College"",""Fusilli Institute of Law""]",9,intermediate,28252,"2023-10-08 14:22:40 -6:00","[]"
36e7a4be-cf61-40b5-bd82-be742597d90b,"[""translator""]","[""Hololect"",""Cyberspeak"",""Quantumese""]","[""Tortellini Legal College""]",15,beginner,525463,"2023-10-07 14:22:40 -0:00","[""06ef36c8-1afd-47ba-a148-ebc759d9d3dc"",""d1917f85-a039-49c3-af92-081f1a8e1c65"",""45f4fe01-380f-4736-a039-b4f4dd94d714""]"
703c0662-6c97-49b4-9092-efad2d93a7e3,"[""interpreter"",""translator""]","[""Technophrase""]","[""Spaghetti Strands Law School"",""Pasta Legal Institute""]",7,intermediate,905007,"2023-10-08 14:22:40 +7:00","[""350d834b-08c9-4aa3-ace6-1bd764fc085a""]"
81cbddc8-c62d-4f65-b219-2b65f3748a84,"[""researcher"",""interpreter""]","[""Quantumese""]","[""Lasgna Law School""]",7,intermediate,366054,"2023-10-03 14:22:40 -3:00","[""c5f4afa3-ddf1-4bdb-b023-78666b96583f""]"
153b3e46-c39e-4abc-a231-fa4f63285cbe,"[""translator"",""researcher""]","[""Alscript"",""Technophrase"",""Siliconian""]","[""Lasgna Law School"",""Capellini Legal Academy""]",12,advanced,12416,"2023-10-11 14:22:40 +7:00","[""13de02a2-73dc-4ef9-9ec1-c75d9073b608""]"
40c87edc-e97b-4182-902e-b210d0623c76,"[""interpreter""]","[""Technophrase"",""Siliconian""]","[""Macaroni Legal Center"",""Ziti Legal College""]",13,intermediate,435678,"2023-10-03 14:22:40 -9:00","[""d0038e4f-0f7d-4c5b-a060-66f17359a727"",""3c0784d0-7c1b-4ab7-a4c9-c9477b457b6c""]"
ad7f6fcc-e52b-4ddd-9c32-6df5d0d10273,"[""interpreter"",""researcher""]","[""Cyberspeak"",""Cyphertongue""]","[""Ravioli School of Jurisprudence""]",8,expert,537089,"2023-10-04 14:22:40 -10:00","[""ce278b74-2da0-4437-9212-a43032308161""]"
c944a961-fab0-4602-93ce-45c417ef35ab,"[""interpreter""]","[""Quantumese"",""Cyberspeak"",""Technophrase""]","[""Spaghetti Strands Law School"",""Pasta Legal Institute""]",15,beginner,837643,"2023-10-08 14:22:40 +5:00","[""a3895ca1-c731-480c-b8fc-e8f8155a77d9""]"
ac358e38-b6d2-4559-860e-8e4d4cdffa19,"[""researcher""]","[""Quantumese"",""Cyphertongue""]","[""Spaghetti Strands Law School""]",11,beginner,547847,"2023-10-11 14:22:40 +2:00","[""1b9a93a2-5896-49ac-b74c-7c4c18d40de9"",""d6896a83-bd59-4abb-9667-67a98fb6df62""]"
fdc3b2ca-51d6-4d3b-a0c1-d120222c629f,"[""interpreter"",""translator""]","[""Alscript"",""Byteish""]","[""Penne Law Center""]",12,expert,260752,"2023-10-08 14:22:40 +11:00","[""18d391f3-4a60-48c8-a287-ef24b5d6205b"",""142043ea-9376-4716-832e-dace23b5a3f4"",""ed0cbcc3-c5fa-402d-817e-b34eda66522d""]"
7c1f105a-e94b-4d79-a741-db33e07a90df,"[""translator"",""interpreter""]","[""Byteish"",""Robolingo"",""Technophrase""]","[""Spaghetti Strands Law School""]",10,beginner,820361,"2023-10-07 14:22:40 +12:00","[""4d4b2a7c-3261-42ec-ac8b-ae1228f1c748""]"
9622930e-fe05-4d81-850a-454113eb0f01,"[""attorney""]","[""Quantumese"",""Siliconian"",""Robolingo""]","[""Penne Law Center""]",11,intermediate,817556,"2023-10-06 14:22:40 -12:00","[""9ec07a87-57ae-41c8-8c94-25305d6d68cd""]"
4622570a-dad4-4a3c-b9c4-d7149d4027fb,"[""interpreter""]","[""Alscript"",""Cyberspeak"",""Byteish""]","[""Fusilli Institute of Law"",""Macaroni Legal Center""]",14,beginner,824990,"2023-10-10 14:22:40 +11:00","[""8fc51977-551d-4276-af5b-951b48358769""]"
a2380192-7216-4a30-a181-05e4030fb14c,"[""translator""]","[""Cyberspeak""]","[""Ravioli School of Jurisprudence""]",14,intermediate,310734,"2023-10-11 14:22:40 -10:00","[""0254ab79-df7a-493b-a56a-aa61b2a017e9""]"
c5471b9a-dfe6-44ef-a921-f79a4eaf04c9,"[""researcher""]","[""Technophrase"",""Byteish"",""Quantumese""]","[""Ziti Legal College"",""Ravioli School of Jurisprudence""]",14,advanced,291551,"2023-10-05 14:22:40 -5:00","[]"
5b013066-483b-4821-b526-9fac453c81f0,"[""translator""]","[""Datalex"",""Cyphertongue"",""Cyberspeak""]","[""Spaghetti Strands Law School""]",9,expert,18667,"2023-10-10 14:22:40 +10:00","[]"
e33b96a9-3113-47e3-88b8-ab05ea3b72ca,"[""translator"",""researcher""]","[""Alscript"",""Cyphertongue""]","[""Ravioli School of Jurisprudence"",""Capellini Legal Academy""]",12,beginner,717599,"2023-10-09 14:22:40 -1:00","[""6fca55be-7c8e-4f1b-83cb-68d9ca3ddc5d""]"
ee8c3351-3dae-4fdd-87b4-13e8b1336101,"[""translator"",""interpreter""]","[""Cyberspeak""]","[""Ziti Legal College""]",12,beginner,589820,"2023-10-04 14:22:40 -5:00","[""bce96baf-4081-49b9-8458-1ee84b7111f2""]"
6003ef0b-8bf6-456d-9ee1-1b8ab0d33b06,"[""attorney""]","[""Hololect"",""Robolingo"",""Cyphertongue""]","[""Ziti Legal College""]",14,beginner,678954,"2023-10-05 14:22:40 -4:00","[""a27d1d47-4e6a-47d7-b31c-4d748aa7c621"",""e9a7e607-a517-47bf-8908-915431286200""]"
b31f2c40-286f-4326-9280-e535cc3279c6,"[""translator""]","[""Cyberspeak"",""Byteish""]","[""Penne Law Center""]",11,intermediate,324659,"2023-10-11 14:22:40 -1:00","[]"
b3995daf-f119-4485-a435-3e047ee4d7a4,"[""researcher""]","[""Technophrase"",""Quantumese""]","[""Ziti Legal College"",""Fusilli Institute of Law""]",13,intermediate,377695,"2023-10-10 14:22:40 +2:00","[""20130d8a-4271-43e7-91fd-7aee80e9c146"",""fec3fd78-52a7-4400-8ca1-11efce8f2beb"",""bb9b92d9-7fed-4150-b9cc-1c9fa75d1072""]"
353cbfbb-3f9d-4a5f-a517-d33f57af387d,"[""attorney"",""translator""]","[""Cyphertongue"",""Technophrase""]","[""Macaroni Legal Center""]",7,intermediate,222803,"2023-10-09 14:22:40 +2:00","[""e136d6f4-99a5-493a-b3f3-9d77c48be1c8"",""ec2895aa-8d5f-46f6-8ded-4893a1fd9e62""]"
44ef85bc-8600-477b-aa15-d647aa050a89,"[""researcher"",""interpreter""]","[""Cyphertongue"",""Cyberspeak"",""Alscript""]","[""Pasta Legal Institute""]",14,beginner,436264,"2023-10-05 14:22:40 +4:00","[""175c3184-64ed-4bd5-972c-7374176d1d97"",""08f7b5d9-1449-4da5-b2e1-48c3d5888cb6""]"
8144be03-db79-41f4-902e-314ce86745e6,"[""interpreter""]","[""Hololect"",""Siliconian""]","[""Pasta Legal Institute""]",12,beginner,666794,"2023-10-06 14:22:40 -4:00","[""98138694-d7f4-4b71-a8e2-19f7e61de4b5"",""89f0e2c0-76b2-4b2d-8956-6dc3ac20b07e""]"
f9229425-6be8-4f91-b6de-a3012c6c7201,"[""attorney"",""researcher""]","[""Datalex"",""Cyphertongue""]","[""Lasgna Law School"",""Penne Law Center""]",13,intermediate,967689,"2023-10-10 14:22:40 +3:00","[]"
8aae533f-26d7-45d6-9d30-bc55bb4d277b,"[""translator"",""interpreter""]","[""Datalex"",""Quantumese"",""Technophrase""]","[""Ziti Legal College""]",12,intermediate,330771,"2023-10-11 14:22:40 +9:00","[]"